[{"model": "contenttypes.contenttype", "pk": 1, "fields": {"app_label": "admin", "model": "logentry"}}, {"model": "contenttypes.contenttype", "pk": 2, "fields": {"app_label": "auth", "model": "user"}}, {"model": "contenttypes.contenttype", "pk": 3, "fields": {"app_label": "auth", "model": "group"}}, {"model": "contenttypes.contenttype", "pk": 4, "fields": {"app_label": "auth", "model": "permission"}}, {"model": "contenttypes.contenttype", "pk": 5, "fields": {"app_label": "contenttypes", "model": "contenttype"}}, {"model": "contenttypes.contenttype", "pk": 6, "fields": {"app_label": "sessions", "model": "session"}}, {"model": "contenttypes.contenttype", "pk": 7, "fields": {"app_label": "blog", "model": "tag"}}, {"model": "contenttypes.contenttype", "pk": 8, "fields": {"app_label": "blog", "model": "post"}}, {"model": "contenttypes.contenttype", "pk": 9, "fields": {"app_label": "blog", "model": "category"}}, {"model": "contenttypes.contenttype", "pk": 10, "fields": {"app_label": "blog", "model": "product"}}, {"model": "sessions.session", "pk": "2sycleiz7ybakdz1mmyjx4lw6s3xpkc1", "fields": {"session_data": "YmMyNGNiNDkwYzMxMDk1YTI1ZjU1NWRhZjFhMjBkMjg1Zjc3ZDZiNTp7Il9hdXRoX3VzZXJfaWQiOiIxIiwiX2F1dGhfdXNlcl9iYWNrZW5kIjoiZGphbmdvLmNvbnRyaWIuYXV0aC5iYWNrZW5kcy5Nb2RlbEJhY2tlbmQiLCJfYXV0aF91c2VyX2hhc2giOiIyZGM4Zjk4MmU0YjA3ZGRkYzg1NzIwNTc5MTkxMmI3Yjc3MWE2ZGFhIn0=", "expire_date": "2018-08-04T08:36:43.898Z"}}, {"model": "sessions.session", "pk": "n4nsd8lqoibfoqx79wq99ltmphq7s4ce", "fields": {"session_data": "YmMyNGNiNDkwYzMxMDk1YTI1ZjU1NWRhZjFhMjBkMjg1Zjc3ZDZiNTp7Il9hdXRoX3VzZXJfaWQiOiIxIiwiX2F1dGhfdXNlcl9iYWNrZW5kIjoiZGphbmdvLmNvbnRyaWIuYXV0aC5iYWNrZW5kcy5Nb2RlbEJhY2tlbmQiLCJfYXV0aF91c2VyX2hhc2giOiIyZGM4Zjk4MmU0YjA3ZGRkYzg1NzIwNTc5MTkxMmI3Yjc3MWE2ZGFhIn0=", "expire_date": "2018-08-01T19:08:53.697Z"}}, {"model": "sessions.session", "pk": "uiuygv28v2k8kd31fe4o4j0m19r3xeqj", "fields": {"session_data": "YmMyNGNiNDkwYzMxMDk1YTI1ZjU1NWRhZjFhMjBkMjg1Zjc3ZDZiNTp7Il9hdXRoX3VzZXJfaWQiOiIxIiwiX2F1dGhfdXNlcl9iYWNrZW5kIjoiZGphbmdvLmNvbnRyaWIuYXV0aC5iYWNrZW5kcy5Nb2RlbEJhY2tlbmQiLCJfYXV0aF91c2VyX2hhc2giOiIyZGM4Zjk4MmU0YjA3ZGRkYzg1NzIwNTc5MTkxMmI3Yjc3MWE2ZGFhIn0=", "expire_date": "2018-09-23T15:48:01.997Z"}}, {"model": "blog.category", "pk": 4, "fields": {"name": "a_news"}}, {"model": "blog.category", "pk": 5, "fields": {"name": "\u516c\u53f8\u7b80\u4ecb"}}, {"model": "blog.category", "pk": 6, "fields": {"name": "\u4f01\u4e1a\u8363\u8a89"}}, {"model": "blog.category", "pk": 7, "fields": {"name": "\u62db\u8058\u4fe1\u606f"}}, {"model": "blog.tag", "pk": 1, "fields": {"name": "\u6807\u7b7e\u6d4b\u8bd5"}}, {"model": "blog.product", "pk": 1, "fields": {"name": "\u7f57\u7ea2\u9709\u7d20\u80f6\u56ca", "description": "<h2><strong><span style=\"color:#2ecc71\">\u8bf7\u4ed4\u7ec6\u9605\u8bfb\u8bf4\u660e\u4e66\u5e76\u5728\u533b\u5e08\u6307\u5bfc\u4e0b\u4f7f\u7528\u3002</span></strong></h2>\r\n\r\n<p><strong><span style=\"color:#2ecc71\"><img alt=\"angel\" src=\"http://127.0.0.1:8000/static/ckeditor/ckeditor/plugins/smiley/images/angel_smile.png\" style=\"height:23px; width:23px\" title=\"angel\" /><img alt=\"angel\" src=\"http://127.0.0.1:8000/static/ckeditor/ckeditor/plugins/smiley/images/angel_smile.png\" style=\"height:23px; width:23px\" title=\"angel\" /><img alt=\"angel\" src=\"http://127.0.0.1:8000/static/ckeditor/ckeditor/plugins/smiley/images/angel_smile.png\" style=\"height:23px; width:23px\" title=\"angel\" /><img alt=\"angel\" src=\"http://127.0.0.1:8000/static/ckeditor/ckeditor/plugins/smiley/images/angel_smile.png\" style=\"height:23px; width:23px\" title=\"angel\" /><img alt=\"angel\" src=\"http://127.0.0.1:8000/static/ckeditor/ckeditor/plugins/smiley/images/angel_smile.png\" style=\"height:23px; width:23px\" title=\"angel\" /><img alt=\"angel\" src=\"http://127.0.0.1:8000/static/ckeditor/ckeditor/plugins/smiley/images/angel_smile.png\" style=\"height:23px; width:23px\" title=\"angel\" /><img alt=\"angel\" src=\"http://127.0.0.1:8000/static/ckeditor/ckeditor/plugins/smiley/images/angel_smile.png\" style=\"height:23px; width:23px\" title=\"angel\" /><img alt=\"angel\" src=\"http://127.0.0.1:8000/static/ckeditor/ckeditor/plugins/smiley/images/angel_smile.png\" style=\"height:23px; width:23px\" title=\"angel\" /><img alt=\"angel\" src=\"http://127.0.0.1:8000/static/ckeditor/ckeditor/plugins/smiley/images/angel_smile.png\" style=\"height:23px; width:23px\" title=\"angel\" /><img alt=\"angel\" src=\"http://127.0.0.1:8000/static/ckeditor/ckeditor/plugins/smiley/images/angel_smile.png\" style=\"height:23px; width:23px\" title=\"angel\" /><img alt=\"angel\" src=\"http://127.0.0.1:8000/static/ckeditor/ckeditor/plugins/smiley/images/angel_smile.png\" style=\"height:23px; width:23px\" title=\"angel\" /><img alt=\"angel\" src=\"http://127.0.0.1:8000/static/ckeditor/ckeditor/plugins/smiley/images/angel_smile.png\" style=\"height:23px; width:23px\" title=\"angel\" /><img alt=\"angel\" src=\"http://127.0.0.1:8000/static/ckeditor/ckeditor/plugins/smiley/images/angel_smile.png\" style=\"height:23px; width:23px\" title=\"angel\" /><img alt=\"angel\" src=\"http://127.0.0.1:8000/static/ckeditor/ckeditor/plugins/smiley/images/angel_smile.png\" style=\"height:23px; width:23px\" title=\"angel\" /><img alt=\"angel\" src=\"http://127.0.0.1:8000/static/ckeditor/ckeditor/plugins/smiley/images/angel_smile.png\" style=\"height:23px; width:23px\" title=\"angel\" /><img alt=\"angel\" src=\"http://127.0.0.1:8000/static/ckeditor/ckeditor/plugins/smiley/images/angel_smile.png\" style=\"height:23px; width:23px\" title=\"angel\" /><img alt=\"angel\" src=\"http://127.0.0.1:8000/static/ckeditor/ckeditor/plugins/smiley/images/angel_smile.png\" style=\"height:23px; width:23px\" title=\"angel\" /><img alt=\"angel\" src=\"http://127.0.0.1:8000/static/ckeditor/ckeditor/plugins/smiley/images/angel_smile.png\" style=\"height:23px; width:23px\" title=\"angel\" /></span></strong></p>\r\n\r\n<p>\u8b66\u544a\uff1a\u5bf9\u672c\u54c1\u4e2d\u4efb\u4f55\u6210\u4efd\u3001\u7ea2\u9709\u7d20\u6216\u5176\u4ed6\u5927\u73af\u5185\u916f\u7c7b\u836f\u7269\u8fc7\u654f\u8005\u7981\u7528\u3002</p>\r\n\r\n<p>\u3010\u836f\u54c1\u540d\u79f0\u3011</p>\r\n\r\n<p>\u901a\u7528\u540d\u79f0\uff1a\u7f57\u7ea2\u9709\u7d20\u8f6f\u80f6\u56ca</p>\r\n\r\n<p>\u82f1\u6587\u540d\u79f0\uff1aRoxithromycin Soft Capsules</p>\r\n\r\n<p>\u6c49\u8bed\u62fc\u97f3\uff1aLuohongmeisu Ruanjiaonang</p>\r\n\r\n<p>\u3010\u6210 \u4efd\u3011\u4e3b\u8981\u7ec4\u6210\u6210\u5206 \u672c\u54c1\u4e3b\u8981\u6210\u4efd\u662f\u7f57\u7ea2\u9709\u7d20\u3002</p>\r\n\r\n<p>\u5316\u5b66\u540d\u79f0\uff1a9-{O-[(2-\u7532\u6c27\u57fa\u4e59\u6c27\u57fa)-\u7532\u57fa]\u809f\u57fa}\u7ea2\u9709\u7d20</p>\r\n\r\n<p>\u5316\u5b66\u7ed3\u6784\u5f0f\uff1a</p>\r\n\r\n<p>\u5206\u5f0f\u5f0f\uff1aC41H76N2O15</p>\r\n\r\n<p>\u5206\u5b50\u91cf\uff1a837.03</p>\r\n\r\n<p>\u3010\u6027 \u72b6\u3011\u672c\u54c1\u5185\u5bb9\u7269\u4e3a\u767d\u8272\u81f3\u6de1\u9ec4\u8272\u7684\u6df7\u60ac\u6db2\u3002</p>\r\n\r\n<p>\u3010\u9002 \u5e94 \u75c7\u3011\u672c\u54c1\u9002\u7528\u4e8e\u5316\u8113\u6027\u94fe\u7403\u83cc\u5f15\u8d77\u7684\u54bd\u708e\u53ca\u6241\u6843\u4f53\u708e\uff0c\u654f\u611f\u83cc\u6240\u81f4\u7684\u9f3b\u7aa6\u708e\u3001\u4e2d\u8033\u708e\u3001\u6025\u6027\u652f\u6c14\u7ba1\u708e\u3001\u6162\u6027\u652f\u6c14\u7ba1\u708e\u6025\u6027\u53d1\u4f5c\uff0c\u80ba\u708e\u652f\u539f\u4f53\u6216\u80ba\u708e\u8863\u539f\u4f53\u6240\u81f4\u7684\u80ba\u708e;\u6c99\u773c\u8863\u539f\u4f53\u5f15\u8d77\u7684\u5c3f\u9053\u708e\u548c\u5bab\u9888\u708e;\u654f\u611f\u7ec6\u83cc\u5f15\u8d77\u7684\u76ae\u80a4\u8f6f\u7ec4\u7ec7\u611f\u67d3\u3002</p>\r\n\r\n<p>\u3010\u89c4 \u683c\u30110.15g(15\u4e07\u5355\u4f4d)</p>\r\n\r\n<p>\u3010\u7528\u6cd5\u7528\u91cf\u3011\u7a7a\u8179\u53e3\u670d\uff0c\u4e00\u822c\u7597\u7a0b\u4e3a5\uff5e12\u65e5\u3002\u513f\u7ae5\u53ef\u76f4\u63a5\u670d\u7528\uff0c\u6216\u526a\u5f00\u56ca\u58f3\u5c06\u836f\u6db2\u6ef4\u5165\u996e\u6599\u6216\u725b\u5976\u4e2d\u670d\u7528\u3002\u6210\u4eba\uff1a\u4e00\u6b210.15g\uff0c\u4e00\u65e52\u6b21;\u4e5f\u53ef\u4e00\u6b210.3g\uff0c\u4e00\u65e51\u6b21\u3002\u513f\u7ae5\uff1a\u4e00\u6b21\u6309\u4f53\u91cd2.5\uff5e5mg/kg\uff0c\u4e00\u65e52\u6b21\u3002</p>\r\n\r\n<p>\u3010\u4e0d\u826f\u53cd\u5e94\u3011\u4e3b\u8981\u4e0d\u826f\u53cd\u5e94\u4e3a\u8179\u75db\u3001\u8179\u6cfb\u3001\u6076\u5fc3\u3001\u5455\u5410\u7b49\u80c3\u80a0\u9053\u53cd\u5e94\uff0c\u4f46\u53d1\u751f\u7387\u660e\u663e\u4f4e\u4e8e\u7ea2\u9709\u7d20\u3002\u5076\u89c1\u76ae\u75b9\u3001\u76ae\u80a4\u7619\u75d2\u3001\u5934\u660f\u3001\u5934\u75db\u3001\u809d\u529f\u80fd\u5f02\u5e38(ALT\u53ca AST\u5347\u9ad8)\u3001\u5916\u5468\u8840\u7ec6\u80de\u4e0b\u964d\u7b49\u3002</p>\r\n\r\n<p>\u3010\u7981 \u5fcc\u3011\u5bf9\u672c\u54c1\u4e2d\u4efb\u4f55\u6210\u4efd\u3001\u7ea2\u9709\u7d20\u6216\u5176\u4ed6\u5927\u73af\u5185\u916f\u7c7b\u836f\u7269\u8fc7\u654f\u8005\u7981\u7528\u3002</p>\r\n\r\n<p>\u3010\u836f\u7269\u8fc7\u91cf\u3011\u5c1a\u4e0d\u660e\u786e\u3002</p>\r\n\r\n<p>\u3010\u8d2e \u85cf\u3011\u5bc6\u5c01\uff0c\u5728\u5e72\u71e5\u5904\u4fdd\u5b58\u3002</p>\r\n\r\n<p>\u3010\u5305 \u88c5\u3011\u94dd\u5851\u6ce1\u7f69\u5305\u88c5;\u6bcf\u677f9\u7c92\uff0c\u6bcf\u76d21\u677f\u3002</p>\r\n\r\n<p>\u3010\u6709 \u6548 \u671f\u3011\u6682\u5b9a24\u4e2a\u6708\u3002</p>\r\n\r\n<p>\u3010\u6267\u884c\u6807\u51c6\u3011\u56fd\u5bb6\u98df\u54c1\u836f\u54c1\u76d1\u7763\u7ba1\u7406\u5c40\u6807\u51c6</p>\r\n\r\n<p>\u836f\u54c1\u6807\u51c6\u7f16\u53f7\uff1aYBH05872007</p>\r\n\r\n<p>\u3010\u6279\u51c6\u6587\u53f7\u3011\u56fd\u5bb6\u51c6\u5b57H20070302</p>", "product_img": "picture/1-151031093T70-L.jpg", "excerpt": "\u672c\u54c1\u9002\u7528\u4e8e\u5316\u8113\u6027\u94fe\u7403\u83cc\u5f15\u8d77\u7684\u54bd\u708e\u53ca\u6241\u6843\u4f53\u708e\uff0c\u654f\u611f\u83cc\u6240\u81f4\u7684\u9f3b\u7aa6\u708e\u3001\u4e2d\u8033\u708e\u3001\u6025\u6027\u652f\u6c14\u7ba1\u708e"}}, {"model": "blog.product", "pk": 2, "fields": {"name": "\u4ea7\u54c11", "description": "<p><span style=\"color:#1abc9c\">\u4f60\u53ef\u4ee5\u770b\u5230\u547d\u4ee4\u7684\u8f93\u51fa\u9664\u4e86 Applying blog.0001_initial... OK \u5916\uff0cDjango \u8fd8\u5bf9\u5176\u5b83\u6587\u4ef6\u505a\u4e86\u64cd\u4f5c\u3002</span></p>\r\n\r\n<p><span style=\"color:#1abc9c\">\u8fd9\u662f\u56e0\u4e3a\u9664\u4e86\u6211\u4eec\u81ea\u5df1\u5efa\u7acb\u7684 blog \u5e94\u7528\u5916\uff0cDjango \u81ea\u8eab\u8fd8\u5185\u7f6e\u4e86\u5f88\u591a\u5e94\u7528\uff0c\u8fd9\u4e9b\u5e94\u7528\u672c\u8eab\u4e5f\u662f\u9700\u8981\u5b58\u50a8\u6570\u636e\u7684\u3002</span></p>\r\n\r\n<p><span style=\"color:#1abc9c\">\u53ef\u4ee5\u5728 settings.py \u7684&nbsp;<code>INSTALLED_APP</code>&nbsp;\u8bbe\u7f6e\u91cc\u770b\u5230\u8fd9\u4e9b\u5e94\u7528\uff0c\u5f53\u7136\u6211\u4eec\u76ee\u524d\u4e0d\u5fc5\u5173\u5fc3\u8fd9\u4e9b\u3002</span></p>", "product_img": "picture/1-1510310930440-L.jpg", "excerpt": "11\u9002\u7528\u4e8e\u5316\u8113\u6027\u94fe\u7403\u83cc\u5f15\u8d77\u7684\u54bd\u708e\u53ca\u6241\u6843\u4f53\u708e\uff0c\u654f\u611f\u83cc\u6240\u81f4\u7684\u9f3b\u7aa6\u708e\u3001\u4e2d\u8033\u708e\u3001\u6025\u6027\u652f\u6c14\u7ba1\u708e"}}, {"model": "blog.product", "pk": 3, "fields": {"name": "\u4ea7\u54c12", "description": "<p>\u3010\u836f\u7406\u6bd2\u7406\u3011\u836f\u7406\u4f5c\u7528 \u672c\u54c1\u4e3a\u534a\u5408\u6210\u768414\u5143\u73af\u5927\u73af\u5185\u916f\u7c7b\u6297\u751f\u7d20\u3002\u6297\u83cc\u8c31\u4e0e\u6297\u83cc\u4f5c\u7528\u57fa\u672c\u4e0a\u4e0e\u7ea2\u9709\u7d20\u76f8\u4eff\uff0c\u5bf9\u9769\u5170\u9633\u6027\u83cc\u7684\u4f5c\u7528\u8f83\u7ea2\u9709\u7d20\u7565\u5dee\uff0c\u5bf9\u55dc\u80ba\u519b\u56e2\u83cc\u7684\u4f5c\u7528\u8f83\u7ea2\u9709\u7d20\u5f3a\u3002\u5bf9\u80ba\u708e\u8863\u539f\u4f53\u3001\u80ba\u708e\u652f\u539f\u4f53\u3001\u6eb6\u8132\u8132\u539f\u4f53\u7684\u6297\u5fae\u751f\u7269\u4f5c\u7528\u4e0e\u7ea2\u9709\u7d20\u76f8\u4eff\u6216\u7565\u5f3a\u3002\u672c\u54c1\u53ef\u900f\u8fc7\u7ec6\u83cc\u7ec6\u80de\u819c\uff0c\u5728\u63a5\u8fd1\u4f9b\u4f53(&quot;P&quot;\u4f4d)\u4e0e\u7ec6\u83cc\u6838\u7cd6\u4f53\u768450S\u4e9a\u57fa\u6210\u53ef\u9006\u6027\u7ed3\u5408\uff0c\u963b\u65ad\u4e86\u8f6c\u79fb\u6838\u7cd6\u6838\u9178(t-RNA)\u7ed3\u5408\u81f3&quot;P&quot;\u4f4d\u4e0a\uff0c\u540c\u65f6\u4e5f\u963b\u65ad\u4e86\u591a\u80bd\u94fe\u81ea\u53d7\u4f4d(&quot;A&quot;\u4f4d)\u81f3&quot;P&quot;\u4f4d\u7684\u8f6c\u79fb\uff0c\u56e0\u800c\u7ec6\u83cc\u86cb\u767d\u8d28\u5408\u6210\u53d7\u5230\u6291\u5236\u3002</p>\r\n\r\n<p>\u3010\u836f\u4ee3\u52a8\u529b\u5b66\u3011\u53e3\u670d\u5438\u6536\u597d\uff0c\u8840\u836f\u5cf0\u6d53\u5ea6(Cmax)\u9ad8\uff0c\u5355\u5242\u91cf\u53e3\u670d\u7f57\u7ea2\u9709\u7d20150 mg\u540e\u7ea62\u5c0f\u65f6\u8fbe\u8840\u836f\u5cf0\u6d53\u5ea6(Cmax)6.6\uff5e7.9 mg/L\uff0c\u8fdb\u98df\u53ef\u4f7f\u751f\u7269\u5229\u7528\u5ea6\u4e0b\u964d\u7ea6\u4e00\u534a\u3002\u5206\u5e03\u5e7f\uff0c\u6241\u6843\u4f53\u3001\u9f3b\u7aa6\u3001\u4e2d\u8033\u3001\u80ba\u3001\u75f0\u3001\u524d\u5217\u817a\u53ca\u5176\u4ed6\u6ccc\u5c3f\u751f\u6b96\u9053\u7ec4\u7ec7\u4e2d\u7684\u836f\u7269\u6d53\u5ea6\u5747\u53ef\u8fbe\u6709\u6548\u6cbb\u7597\u6c34\u5e73\u3002\u5176\u86cb\u767d\u7ed3\u5408\u7387\u5728\u8840\u6d53\u5ea62.5 mg/L\u65f6\u4e3a96%\u3002\u4ee5\u539f\u5f62\u53ca5\u4e2a\u4ee3\u8c22\u7269\u4ece\u4f53\u5185\u6392\u51fa\uff0c7.4%\u81ea\u5c3f\u6db2\u6392\u51fa\u3002\u8840\u6d88\u9664\u534a\u8870\u671f(t1/2&beta;)\u4e3a8.4\uff5e15.5\u5c0f\u65f6\u3002</p>", "product_img": "picture/1-1510310934470-L.jpg", "excerpt": "12\u9002\u7528\u4e8e\u5316\u8113\u6027\u94fe\u7403\u83cc\u5f15\u8d77\u7684\u54bd\u708e\u53ca\u6241\u6843\u4f53\u708e\uff0c\u654f\u611f\u83cc\u6240\u81f4\u7684\u9f3b\u7aa6\u708e\u3001\u4e2d\u8033\u708e\u3001\u6025\u6027\u652f\u6c14\u7ba1\u708e"}}, {"model": "blog.product", "pk": 4, "fields": {"name": "\u4ea7\u54c13", "description": "<p>33</p>\r\n\r\n<p>\u836f\u7406\u6bd2\u7406\u3011\u836f\u7406\u4f5c\u7528 \u672c\u54c1\u4e3a\u534a\u5408\u6210\u768414\u5143\u73af\u5927\u73af\u5185\u916f\u7c7b\u6297\u751f\u7d20\u3002\u6297\u83cc\u8c31\u4e0e\u6297\u83cc\u4f5c\u7528\u57fa\u672c\u4e0a\u4e0e\u7ea2\u9709\u7d20\u76f8\u4eff\uff0c\u5bf9\u9769\u5170\u9633\u6027\u83cc\u7684\u4f5c\u7528\u8f83\u7ea2\u9709\u7d20\u7565\u5dee\uff0c\u5bf9\u55dc\u80ba\u519b\u56e2\u83cc\u7684\u4f5c\u7528\u8f83\u7ea2\u9709\u7d20\u5f3a\u3002\u5bf9\u80ba\u708e\u8863\u539f\u4f53\u3001\u80ba\u708e\u652f\u539f\u4f53\u3001\u6eb6\u8132\u8132\u539f\u4f53\u7684\u6297\u5fae\u751f\u7269\u4f5c\u7528\u4e0e\u7ea2\u9709\u7d20\u76f8\u4eff\u6216\u7565\u5f3a\u3002\u672c\u54c1\u53ef\u900f\u8fc7\u7ec6\u83cc\u7ec6\u80de\u819c\uff0c\u5728\u63a5\u8fd1\u4f9b\u4f53(&quot;P&quot;\u4f4d)\u4e0e\u7ec6\u83cc\u6838\u7cd6\u4f53\u768450S\u4e9a\u57fa\u6210\u53ef\u9006\u6027\u7ed3\u5408\uff0c\u963b\u65ad\u4e86\u8f6c\u79fb\u6838\u7cd6\u6838\u9178(t-RNA)\u7ed3\u5408\u81f3&quot;P&quot;\u4f4d\u4e0a\uff0c\u540c\u65f6\u4e5f\u963b\u65ad\u4e86\u591a\u80bd\u94fe\u81ea\u53d7\u4f4d(&quot;A&quot;\u4f4d)\u81f3&quot;P&quot;\u4f4d\u7684\u8f6c\u79fb\uff0c\u56e0\u800c\u7ec6\u83cc\u86cb\u767d\u8d28\u5408\u6210\u53d7\u5230\u6291\u5236\u3002</p>\r\n\r\n<p>\u3010\u836f\u4ee3\u52a8\u529b\u5b66\u3011\u53e3\u670d\u5438\u6536\u597d\uff0c\u8840\u836f\u5cf0\u6d53\u5ea6(Cmax)\u9ad8\uff0c\u5355\u5242\u91cf\u53e3\u670d\u7f57\u7ea2\u9709\u7d20150 mg\u540e\u7ea62\u5c0f\u65f6\u8fbe\u8840\u836f\u5cf0\u6d53\u5ea6(Cmax)6.6\uff5e7.9 mg/L\uff0c\u8fdb\u98df\u53ef\u4f7f\u751f\u7269\u5229\u7528\u5ea6\u4e0b\u964d\u7ea6\u4e00\u534a\u3002\u5206\u5e03\u5e7f\uff0c\u6241\u6843\u4f53\u3001\u9f3b\u7aa6\u3001\u4e2d\u8033\u3001\u80ba\u3001\u75f0\u3001\u524d\u5217\u817a\u53ca\u5176\u4ed6\u6ccc\u5c3f\u751f\u6b96\u9053\u7ec4\u7ec7\u4e2d\u7684\u836f\u7269\u6d53\u5ea6\u5747\u53ef\u8fbe\u6709\u6548\u6cbb\u7597\u6c34\u5e73\u3002\u5176\u86cb\u767d\u7ed3\u5408\u7387\u5728\u8840\u6d53\u5ea62.5 mg/L\u65f6\u4e3a96%\u3002\u4ee5\u539f\u5f62\u53ca5\u4e2a\u4ee3\u8c22\u7269\u4ece\u4f53\u5185\u6392\u51fa\uff0c7.4%\u81ea\u5c3f\u6db2\u6392\u51fa\u3002\u8840\u6d88\u9664\u534a\u8870\u671f(t1/2&beta;)\u4e3a8.4\uff5e15.5\u5c0f\u65f6\u3002</p>\r\n\r\n<p>\u3010\u8d2e \u85cf\u3011\u5bc6\u5c01\uff0c\u5728\u5e72\u71e5\u5904\u4fdd\u5b58\u3002</p>", "product_img": "picture/1-1510310939400-L.jpg", "excerpt": "13\u9002\u7528\u4e8e\u5316\u8113\u6027\u94fe\u7403\u83cc\u5f15\u8d77\u7684\u54bd\u708e\u53ca\u6241\u6843\u4f53\u708e\uff0c\u654f\u611f\u83cc\u6240\u81f4\u7684\u9f3b\u7aa6\u708e\u3001\u4e2d\u8033\u708e\u3001\u6025\u6027\u652f\u6c14\u7ba1\u708e"}}, {"model": "blog.product", "pk": 5, "fields": {"name": "\u4ea7\u54c14", "description": "<p>44</p>\r\n\r\n<p>\u3010\u836f\u7406\u6bd2\u7406\u3011\u836f\u7406\u4f5c\u7528 \u672c\u54c1\u4e3a\u534a\u5408\u6210\u768414\u5143\u73af\u5927\u73af\u5185\u916f\u7c7b\u6297\u751f\u7d20\u3002\u6297\u83cc\u8c31\u4e0e\u6297\u83cc\u4f5c\u7528\u57fa\u672c\u4e0a\u4e0e\u7ea2\u9709\u7d20\u76f8\u4eff\uff0c\u5bf9\u9769\u5170\u9633\u6027\u83cc\u7684\u4f5c\u7528\u8f83\u7ea2\u9709\u7d20\u7565\u5dee\uff0c\u5bf9\u55dc\u80ba\u519b\u56e2\u83cc\u7684\u4f5c\u7528\u8f83\u7ea2\u9709\u7d20\u5f3a\u3002\u5bf9\u80ba\u708e\u8863\u539f\u4f53\u3001\u80ba\u708e\u652f\u539f\u4f53\u3001\u6eb6\u8132\u8132\u539f\u4f53\u7684\u6297\u5fae\u751f\u7269\u4f5c\u7528\u4e0e\u7ea2\u9709\u7d20\u76f8\u4eff\u6216\u7565\u5f3a\u3002\u672c\u54c1\u53ef\u900f\u8fc7\u7ec6\u83cc\u7ec6\u80de\u819c\uff0c\u5728\u63a5\u8fd1\u4f9b\u4f53(&quot;P&quot;\u4f4d)\u4e0e\u7ec6\u83cc\u6838\u7cd6\u4f53\u768450S\u4e9a\u57fa\u6210\u53ef\u9006\u6027\u7ed3\u5408\uff0c\u963b\u65ad\u4e86\u8f6c\u79fb\u6838\u7cd6\u6838\u9178(t-RNA)\u7ed3\u5408\u81f3&quot;P&quot;\u4f4d\u4e0a\uff0c\u540c\u65f6\u4e5f\u963b\u65ad\u4e86\u591a\u80bd\u94fe\u81ea\u53d7\u4f4d(&quot;A&quot;\u4f4d)\u81f3&quot;P&quot;\u4f4d\u7684\u8f6c\u79fb\uff0c\u56e0\u800c\u7ec6\u83cc\u86cb\u767d\u8d28\u5408\u6210\u53d7\u5230\u6291\u5236\u3002</p>\r\n\r\n<p>\u3010\u836f\u4ee3\u52a8\u529b\u5b66\u3011\u53e3\u670d\u5438\u6536\u597d\uff0c\u8840\u836f\u5cf0\u6d53\u5ea6(Cmax)\u9ad8\uff0c\u5355\u5242\u91cf\u53e3\u670d\u7f57\u7ea2\u9709\u7d20150 mg\u540e\u7ea62\u5c0f\u65f6\u8fbe\u8840\u836f\u5cf0\u6d53\u5ea6(Cmax)6.6\uff5e7.9 mg/L\uff0c\u8fdb\u98df\u53ef\u4f7f\u751f\u7269\u5229\u7528\u5ea6\u4e0b\u964d\u7ea6\u4e00\u534a\u3002\u5206\u5e03\u5e7f\uff0c\u6241\u6843\u4f53\u3001\u9f3b\u7aa6\u3001\u4e2d\u8033\u3001\u80ba\u3001\u75f0\u3001\u524d\u5217\u817a\u53ca\u5176\u4ed6\u6ccc\u5c3f\u751f\u6b96\u9053\u7ec4\u7ec7\u4e2d\u7684\u836f\u7269\u6d53\u5ea6\u5747\u53ef\u8fbe\u6709\u6548\u6cbb\u7597\u6c34\u5e73\u3002\u5176\u86cb\u767d\u7ed3\u5408\u7387\u5728\u8840\u6d53\u5ea62.5 mg/L\u65f6\u4e3a96%\u3002\u4ee5\u539f\u5f62\u53ca5\u4e2a\u4ee3\u8c22\u7269\u4ece\u4f53\u5185\u6392\u51fa\uff0c7.4%\u81ea\u5c3f\u6db2\u6392\u51fa\u3002\u8840\u6d88\u9664\u534a\u8870\u671f(t1/2&beta;)\u4e3a8.4\uff5e15.5\u5c0f\u65f6\u3002</p>", "product_img": "picture/1-151031091114334.jpg", "excerpt": "14\u9002\u7528\u4e8e\u5316\u8113\u6027\u94fe\u7403\u83cc\u5f15\u8d77\u7684\u54bd\u708e\u53ca\u6241\u6843\u4f53\u708e\uff0c\u654f\u611f\u83cc\u6240\u81f4\u7684\u9f3b\u7aa6\u708e\u3001\u4e2d\u8033\u708e\u3001\u6025\u6027\u652f\u6c14\u7ba1\u708e"}}, {"model": "blog.product", "pk": 6, "fields": {"name": "\u4ea7\u54c15", "description": "<p>55</p>\r\n\r\n<p>\u836f\u7406\u6bd2\u7406\u3011\u836f\u7406\u4f5c\u7528 \u672c\u54c1\u4e3a\u534a\u5408\u6210\u768414\u5143\u73af\u5927\u73af\u5185\u916f\u7c7b\u6297\u751f\u7d20\u3002\u6297\u83cc\u8c31\u4e0e\u6297\u83cc\u4f5c\u7528\u57fa\u672c\u4e0a\u4e0e\u7ea2\u9709\u7d20\u76f8\u4eff\uff0c\u5bf9\u9769\u5170\u9633\u6027\u83cc\u7684\u4f5c\u7528\u8f83\u7ea2\u9709\u7d20\u7565\u5dee\uff0c\u5bf9\u55dc\u80ba\u519b\u56e2\u83cc\u7684\u4f5c\u7528\u8f83\u7ea2\u9709\u7d20\u5f3a\u3002\u5bf9\u80ba\u708e\u8863\u539f\u4f53\u3001\u80ba\u708e\u652f\u539f\u4f53\u3001\u6eb6\u8132\u8132\u539f\u4f53\u7684\u6297\u5fae\u751f\u7269\u4f5c\u7528\u4e0e\u7ea2\u9709\u7d20\u76f8\u4eff\u6216\u7565\u5f3a\u3002\u672c\u54c1\u53ef\u900f\u8fc7\u7ec6\u83cc\u7ec6\u80de\u819c\uff0c\u5728\u63a5\u8fd1\u4f9b\u4f53(&quot;P&quot;\u4f4d)\u4e0e\u7ec6\u83cc\u6838\u7cd6\u4f53\u768450S\u4e9a\u57fa\u6210\u53ef\u9006\u6027\u7ed3\u5408\uff0c\u963b\u65ad\u4e86\u8f6c\u79fb\u6838\u7cd6\u6838\u9178(t-RNA)\u7ed3\u5408\u81f3&quot;P&quot;\u4f4d\u4e0a\uff0c\u540c\u65f6\u4e5f\u963b\u65ad\u4e86\u591a\u80bd\u94fe\u81ea\u53d7\u4f4d(&quot;A&quot;\u4f4d)\u81f3&quot;P&quot;\u4f4d\u7684\u8f6c\u79fb\uff0c\u56e0\u800c\u7ec6\u83cc\u86cb\u767d\u8d28\u5408\u6210\u53d7\u5230\u6291\u5236\u3002</p>\r\n\r\n<p>\u3010\u836f\u4ee3\u52a8\u529b\u5b66\u3011\u53e3\u670d\u5438\u6536\u597d\uff0c\u8840\u836f\u5cf0\u6d53\u5ea6(Cmax)\u9ad8\uff0c\u5355\u5242\u91cf\u53e3\u670d\u7f57\u7ea2\u9709\u7d20150 mg\u540e\u7ea62\u5c0f\u65f6\u8fbe\u8840\u836f\u5cf0\u6d53\u5ea6(Cmax)6.6\uff5e7.9 mg/L\uff0c\u8fdb\u98df\u53ef\u4f7f\u751f\u7269\u5229\u7528\u5ea6\u4e0b\u964d\u7ea6\u4e00\u534a\u3002\u5206\u5e03\u5e7f\uff0c\u6241\u6843\u4f53\u3001\u9f3b\u7aa6\u3001\u4e2d\u8033\u3001\u80ba\u3001\u75f0\u3001\u524d\u5217\u817a\u53ca\u5176\u4ed6\u6ccc\u5c3f\u751f\u6b96\u9053\u7ec4\u7ec7\u4e2d\u7684\u836f\u7269\u6d53\u5ea6\u5747\u53ef\u8fbe\u6709\u6548\u6cbb\u7597\u6c34\u5e73\u3002\u5176\u86cb\u767d\u7ed3\u5408\u7387\u5728\u8840\u6d53\u5ea62.5 mg/L\u65f6\u4e3a96%\u3002\u4ee5\u539f\u5f62\u53ca5\u4e2a\u4ee3\u8c22\u7269\u4ece\u4f53\u5185\u6392\u51fa\uff0c7.4%\u81ea\u5c3f\u6db2\u6392\u51fa\u3002\u8840\u6d88\u9664\u534a\u8870\u671f(t1/2&beta;)\u4e3a8.4\uff5e15.5\u5c0f\u65f6\u3002</p>", "product_img": "picture/a1.jpg", "excerpt": "15\u9002\u7528\u4e8e\u5316\u8113\u6027\u94fe\u7403\u83cc\u5f15\u8d77\u7684\u54bd\u708e\u53ca\u6241\u6843\u4f53\u708e\uff0c\u654f\u611f\u83cc\u6240\u81f4\u7684\u9f3b\u7aa6\u708e\u3001\u4e2d\u8033\u708e\u3001\u6025\u6027\u652f\u6c14\u7ba1\u708e"}}, {"model": "blog.product", "pk": 7, "fields": {"name": "\u4ea7\u54c16", "description": "<p>66</p>\r\n\r\n<p>\u836f\u7406\u6bd2\u7406\u3011\u836f\u7406\u4f5c\u7528 \u672c\u54c1\u4e3a\u534a\u5408\u6210\u768414\u5143\u73af\u5927\u73af\u5185\u916f\u7c7b\u6297\u751f\u7d20\u3002\u6297\u83cc\u8c31\u4e0e\u6297\u83cc\u4f5c\u7528\u57fa\u672c\u4e0a\u4e0e\u7ea2\u9709\u7d20\u76f8\u4eff\uff0c\u5bf9\u9769\u5170\u9633\u6027\u83cc\u7684\u4f5c\u7528\u8f83\u7ea2\u9709\u7d20\u7565\u5dee\uff0c\u5bf9\u55dc\u80ba\u519b\u56e2\u83cc\u7684\u4f5c\u7528\u8f83\u7ea2\u9709\u7d20\u5f3a\u3002\u5bf9\u80ba\u708e\u8863\u539f\u4f53\u3001\u80ba\u708e\u652f\u539f\u4f53\u3001\u6eb6\u8132\u8132\u539f\u4f53\u7684\u6297\u5fae\u751f\u7269\u4f5c\u7528\u4e0e\u7ea2\u9709\u7d20\u76f8\u4eff\u6216\u7565\u5f3a\u3002\u672c\u54c1\u53ef\u900f\u8fc7\u7ec6\u83cc\u7ec6\u80de\u819c\uff0c\u5728\u63a5\u8fd1\u4f9b\u4f53(&quot;P&quot;\u4f4d)\u4e0e\u7ec6\u83cc\u6838\u7cd6\u4f53\u768450S\u4e9a\u57fa\u6210\u53ef\u9006\u6027\u7ed3\u5408\uff0c\u963b\u65ad\u4e86\u8f6c\u79fb\u6838\u7cd6\u6838\u9178(t-RNA)\u7ed3\u5408\u81f3&quot;P&quot;\u4f4d\u4e0a\uff0c\u540c\u65f6\u4e5f\u963b\u65ad\u4e86\u591a\u80bd\u94fe\u81ea\u53d7\u4f4d(&quot;A&quot;\u4f4d)\u81f3&quot;P&quot;\u4f4d\u7684\u8f6c\u79fb\uff0c\u56e0\u800c\u7ec6\u83cc\u86cb\u767d\u8d28\u5408\u6210\u53d7\u5230\u6291\u5236\u3002</p>\r\n\r\n<p>\u3010\u836f\u4ee3\u52a8\u529b\u5b66\u3011\u53e3\u670d\u5438\u6536\u597d\uff0c\u8840\u836f\u5cf0\u6d53\u5ea6(Cmax)\u9ad8\uff0c\u5355\u5242\u91cf\u53e3\u670d\u7f57\u7ea2\u9709\u7d20150 mg\u540e\u7ea62\u5c0f\u65f6\u8fbe\u8840\u836f\u5cf0\u6d53\u5ea6(Cmax)6.6\uff5e7.9 mg/L\uff0c\u8fdb\u98df\u53ef\u4f7f\u751f\u7269\u5229\u7528\u5ea6\u4e0b\u964d\u7ea6\u4e00\u534a\u3002\u5206\u5e03\u5e7f\uff0c\u6241\u6843\u4f53\u3001\u9f3b\u7aa6\u3001\u4e2d\u8033\u3001\u80ba\u3001\u75f0\u3001\u524d\u5217\u817a\u53ca\u5176\u4ed6\u6ccc\u5c3f\u751f\u6b96\u9053\u7ec4\u7ec7\u4e2d\u7684\u836f\u7269\u6d53\u5ea6\u5747\u53ef\u8fbe\u6709\u6548\u6cbb\u7597\u6c34\u5e73\u3002\u5176\u86cb\u767d\u7ed3\u5408\u7387\u5728\u8840\u6d53\u5ea62.5 mg/L\u65f6\u4e3a96%\u3002\u4ee5\u539f\u5f62\u53ca5\u4e2a\u4ee3\u8c22\u7269\u4ece\u4f53\u5185\u6392\u51fa\uff0c7.4%\u81ea\u5c3f\u6db2\u6392\u51fa\u3002\u8840\u6d88\u9664\u534a\u8870\u671f(t1/2&beta;)\u4e3a8.4\uff5e15.5\u5c0f\u65f6\u3002</p>", "product_img": "picture/a2.jpg", "excerpt": "16\u9002\u7528\u4e8e\u5316\u8113\u6027\u94fe\u7403\u83cc\u5f15\u8d77\u7684\u54bd\u708e\u53ca\u6241\u6843\u4f53\u708e\uff0c\u654f\u611f\u83cc\u6240\u81f4\u7684\u9f3b\u7aa6\u708e\u3001\u4e2d\u8033\u708e\u3001\u6025\u6027\u652f\u6c14\u7ba1\u708e"}}, {"model": "blog.product", "pk": 8, "fields": {"name": "\u4ea7\u54c17", "description": "<p>77</p>\r\n\r\n<p>\u836f\u7406\u6bd2\u7406\u3011\u836f\u7406\u4f5c\u7528 \u672c\u54c1\u4e3a\u534a\u5408\u6210\u768414\u5143\u73af\u5927\u73af\u5185\u916f\u7c7b\u6297\u751f\u7d20\u3002\u6297\u83cc\u8c31\u4e0e\u6297\u83cc\u4f5c\u7528\u57fa\u672c\u4e0a\u4e0e\u7ea2\u9709\u7d20\u76f8\u4eff\uff0c\u5bf9\u9769\u5170\u9633\u6027\u83cc\u7684\u4f5c\u7528\u8f83\u7ea2\u9709\u7d20\u7565\u5dee\uff0c\u5bf9\u55dc\u80ba\u519b\u56e2\u83cc\u7684\u4f5c\u7528\u8f83\u7ea2\u9709\u7d20\u5f3a\u3002\u5bf9\u80ba\u708e\u8863\u539f\u4f53\u3001\u80ba\u708e\u652f\u539f\u4f53\u3001\u6eb6\u8132\u8132\u539f\u4f53\u7684\u6297\u5fae\u751f\u7269\u4f5c\u7528\u4e0e\u7ea2\u9709\u7d20\u76f8\u4eff\u6216\u7565\u5f3a\u3002\u672c\u54c1\u53ef\u900f\u8fc7\u7ec6\u83cc\u7ec6\u80de\u819c\uff0c\u5728\u63a5\u8fd1\u4f9b\u4f53(&quot;P&quot;\u4f4d)\u4e0e\u7ec6\u83cc\u6838\u7cd6\u4f53\u768450S\u4e9a\u57fa\u6210\u53ef\u9006\u6027\u7ed3\u5408\uff0c\u963b\u65ad\u4e86\u8f6c\u79fb\u6838\u7cd6\u6838\u9178(t-RNA)\u7ed3\u5408\u81f3&quot;P&quot;\u4f4d\u4e0a\uff0c\u540c\u65f6\u4e5f\u963b\u65ad\u4e86\u591a\u80bd\u94fe\u81ea\u53d7\u4f4d(&quot;A&quot;\u4f4d)\u81f3&quot;P&quot;\u4f4d\u7684\u8f6c\u79fb\uff0c\u56e0\u800c\u7ec6\u83cc\u86cb\u767d\u8d28\u5408\u6210\u53d7\u5230\u6291\u5236\u3002</p>\r\n\r\n<p>\u3010\u836f\u4ee3\u52a8\u529b\u5b66\u3011\u53e3\u670d\u5438\u6536\u597d\uff0c\u8840\u836f\u5cf0\u6d53\u5ea6(Cmax)\u9ad8\uff0c\u5355\u5242\u91cf\u53e3\u670d\u7f57\u7ea2\u9709\u7d20150 mg\u540e\u7ea62\u5c0f\u65f6\u8fbe\u8840\u836f\u5cf0\u6d53\u5ea6(Cmax)6.6\uff5e7.9 mg/L\uff0c\u8fdb\u98df\u53ef\u4f7f\u751f\u7269\u5229\u7528\u5ea6\u4e0b\u964d\u7ea6\u4e00\u534a\u3002\u5206\u5e03\u5e7f\uff0c\u6241\u6843\u4f53\u3001\u9f3b\u7aa6\u3001\u4e2d\u8033\u3001\u80ba\u3001\u75f0\u3001\u524d\u5217\u817a\u53ca\u5176\u4ed6\u6ccc\u5c3f\u751f\u6b96\u9053\u7ec4\u7ec7\u4e2d\u7684\u836f\u7269\u6d53\u5ea6\u5747\u53ef\u8fbe\u6709\u6548\u6cbb\u7597\u6c34\u5e73\u3002\u5176\u86cb\u767d\u7ed3\u5408\u7387\u5728\u8840\u6d53\u5ea62.5 mg/L\u65f6\u4e3a96%\u3002\u4ee5\u539f\u5f62\u53ca5\u4e2a\u4ee3\u8c22\u7269\u4ece\u4f53\u5185\u6392\u51fa\uff0c7.4%\u81ea\u5c3f\u6db2\u6392\u51fa\u3002\u8840\u6d88\u9664\u534a\u8870\u671f(t1/2&beta;)\u4e3a8.4\uff5e15.5\u5c0f\u65f6\u3002</p>", "product_img": "picture/a3.jpg", "excerpt": "17\u9002\u7528\u4e8e\u5316\u8113\u6027\u94fe\u7403\u83cc\u5f15\u8d77\u7684\u54bd\u708e\u53ca\u6241\u6843\u4f53\u708e\uff0c\u654f\u611f\u83cc\u6240\u81f4\u7684\u9f3b\u7aa6\u708e\u3001\u4e2d\u8033\u708e\u3001\u6025\u6027\u652f\u6c14\u7ba1\u708e"}}, {"model": "blog.product", "pk": 9, "fields": {"name": "\u4ea7\u54c18", "description": "<p>88</p>\r\n\r\n<p>\u836f\u7406\u6bd2\u7406\u3011\u836f\u7406\u4f5c\u7528 \u672c\u54c1\u4e3a\u534a\u5408\u6210\u768414\u5143\u73af\u5927\u73af\u5185\u916f\u7c7b\u6297\u751f\u7d20\u3002\u6297\u83cc\u8c31\u4e0e\u6297\u83cc\u4f5c\u7528\u57fa\u672c\u4e0a\u4e0e\u7ea2\u9709\u7d20\u76f8\u4eff\uff0c\u5bf9\u9769\u5170\u9633\u6027\u83cc\u7684\u4f5c\u7528\u8f83\u7ea2\u9709\u7d20\u7565\u5dee\uff0c\u5bf9\u55dc\u80ba\u519b\u56e2\u83cc\u7684\u4f5c\u7528\u8f83\u7ea2\u9709\u7d20\u5f3a\u3002\u5bf9\u80ba\u708e\u8863\u539f\u4f53\u3001\u80ba\u708e\u652f\u539f\u4f53\u3001\u6eb6\u8132\u8132\u539f\u4f53\u7684\u6297\u5fae\u751f\u7269\u4f5c\u7528\u4e0e\u7ea2\u9709\u7d20\u76f8\u4eff\u6216\u7565\u5f3a\u3002\u672c\u54c1\u53ef\u900f\u8fc7\u7ec6\u83cc\u7ec6\u80de\u819c\uff0c\u5728\u63a5\u8fd1\u4f9b\u4f53(&quot;P&quot;\u4f4d)\u4e0e\u7ec6\u83cc\u6838\u7cd6\u4f53\u768450S\u4e9a\u57fa\u6210\u53ef\u9006\u6027\u7ed3\u5408\uff0c\u963b\u65ad\u4e86\u8f6c\u79fb\u6838\u7cd6\u6838\u9178(t-RNA)\u7ed3\u5408\u81f3&quot;P&quot;\u4f4d\u4e0a\uff0c\u540c\u65f6\u4e5f\u963b\u65ad\u4e86\u591a\u80bd\u94fe\u81ea\u53d7\u4f4d(&quot;A&quot;\u4f4d)\u81f3&quot;P&quot;\u4f4d\u7684\u8f6c\u79fb\uff0c\u56e0\u800c\u7ec6\u83cc\u86cb\u767d\u8d28\u5408\u6210\u53d7\u5230\u6291\u5236\u3002</p>\r\n\r\n<p>\u3010\u836f\u4ee3\u52a8\u529b\u5b66\u3011\u53e3\u670d\u5438\u6536\u597d\uff0c\u8840\u836f\u5cf0\u6d53\u5ea6(Cmax)\u9ad8\uff0c\u5355\u5242\u91cf\u53e3\u670d\u7f57\u7ea2\u9709\u7d20150 mg\u540e\u7ea62\u5c0f\u65f6\u8fbe\u8840\u836f\u5cf0\u6d53\u5ea6(Cmax)6.6\uff5e7.9 mg/L\uff0c\u8fdb\u98df\u53ef\u4f7f\u751f\u7269\u5229\u7528\u5ea6\u4e0b\u964d\u7ea6\u4e00\u534a\u3002\u5206\u5e03\u5e7f\uff0c\u6241\u6843\u4f53\u3001\u9f3b\u7aa6\u3001\u4e2d\u8033\u3001\u80ba\u3001\u75f0\u3001\u524d\u5217\u817a\u53ca\u5176\u4ed6\u6ccc\u5c3f\u751f\u6b96\u9053\u7ec4\u7ec7\u4e2d\u7684\u836f\u7269\u6d53\u5ea6\u5747\u53ef\u8fbe\u6709\u6548\u6cbb\u7597\u6c34\u5e73\u3002\u5176\u86cb\u767d\u7ed3\u5408\u7387\u5728\u8840\u6d53\u5ea62.5 mg/L\u65f6\u4e3a96%\u3002\u4ee5\u539f\u5f62\u53ca5\u4e2a\u4ee3\u8c22\u7269\u4ece\u4f53\u5185\u6392\u51fa\uff0c7.4%\u81ea\u5c3f\u6db2\u6392\u51fa\u3002\u8840\u6d88\u9664\u534a\u8870\u671f(t1/2&beta;)\u4e3a8.4\uff5e15.5\u5c0f\u65f6\u3002</p>", "product_img": "picture/a4.jpg", "excerpt": "18\u9002\u7528\u4e8e\u5316\u8113\u6027\u94fe\u7403\u83cc\u5f15\u8d77\u7684\u54bd\u708e\u53ca\u6241\u6843\u4f53\u708e\uff0c\u654f\u611f\u83cc\u6240\u81f4\u7684\u9f3b\u7aa6\u708e\u3001\u4e2d\u8033\u708e\u3001\u6025\u6027\u652f\u6c14\u7ba1\u708e"}}, {"model": "blog.product", "pk": 10, "fields": {"name": "\u4ea7\u54c19", "description": "<p>99</p>\r\n\r\n<p>\u836f\u7406\u6bd2\u7406\u3011\u836f\u7406\u4f5c\u7528 \u672c\u54c1\u4e3a\u534a\u5408\u6210\u768414\u5143\u73af\u5927\u73af\u5185\u916f\u7c7b\u6297\u751f\u7d20\u3002\u6297\u83cc\u8c31\u4e0e\u6297\u83cc\u4f5c\u7528\u57fa\u672c\u4e0a\u4e0e\u7ea2\u9709\u7d20\u76f8\u4eff\uff0c\u5bf9\u9769\u5170\u9633\u6027\u83cc\u7684\u4f5c\u7528\u8f83\u7ea2\u9709\u7d20\u7565\u5dee\uff0c\u5bf9\u55dc\u80ba\u519b\u56e2\u83cc\u7684\u4f5c\u7528\u8f83\u7ea2\u9709\u7d20\u5f3a\u3002\u5bf9\u80ba\u708e\u8863\u539f\u4f53\u3001\u80ba\u708e\u652f\u539f\u4f53\u3001\u6eb6\u8132\u8132\u539f\u4f53\u7684\u6297\u5fae\u751f\u7269\u4f5c\u7528\u4e0e\u7ea2\u9709\u7d20\u76f8\u4eff\u6216\u7565\u5f3a\u3002\u672c\u54c1\u53ef\u900f\u8fc7\u7ec6\u83cc\u7ec6\u80de\u819c\uff0c\u5728\u63a5\u8fd1\u4f9b\u4f53(&quot;P&quot;\u4f4d)\u4e0e\u7ec6\u83cc\u6838\u7cd6\u4f53\u768450S\u4e9a\u57fa\u6210\u53ef\u9006\u6027\u7ed3\u5408\uff0c\u963b\u65ad\u4e86\u8f6c\u79fb\u6838\u7cd6\u6838\u9178(t-RNA)\u7ed3\u5408\u81f3&quot;P&quot;\u4f4d\u4e0a\uff0c\u540c\u65f6\u4e5f\u963b\u65ad\u4e86\u591a\u80bd\u94fe\u81ea\u53d7\u4f4d(&quot;A&quot;\u4f4d)\u81f3&quot;P&quot;\u4f4d\u7684\u8f6c\u79fb\uff0c\u56e0\u800c\u7ec6\u83cc\u86cb\u767d\u8d28\u5408\u6210\u53d7\u5230\u6291\u5236\u3002</p>\r\n\r\n<p>\u3010\u836f\u4ee3\u52a8\u529b\u5b66\u3011\u53e3\u670d\u5438\u6536\u597d\uff0c\u8840\u836f\u5cf0\u6d53\u5ea6(Cmax)\u9ad8\uff0c\u5355\u5242\u91cf\u53e3\u670d\u7f57\u7ea2\u9709\u7d20150 mg\u540e\u7ea62\u5c0f\u65f6\u8fbe\u8840\u836f\u5cf0\u6d53\u5ea6(Cmax)6.6\uff5e7.9 mg/L\uff0c\u8fdb\u98df\u53ef\u4f7f\u751f\u7269\u5229\u7528\u5ea6\u4e0b\u964d\u7ea6\u4e00\u534a\u3002\u5206\u5e03\u5e7f\uff0c\u6241\u6843\u4f53\u3001\u9f3b\u7aa6\u3001\u4e2d\u8033\u3001\u80ba\u3001\u75f0\u3001\u524d\u5217\u817a\u53ca\u5176\u4ed6\u6ccc\u5c3f\u751f\u6b96\u9053\u7ec4\u7ec7\u4e2d\u7684\u836f\u7269\u6d53\u5ea6\u5747\u53ef\u8fbe\u6709\u6548\u6cbb\u7597\u6c34\u5e73\u3002\u5176\u86cb\u767d\u7ed3\u5408\u7387\u5728\u8840\u6d53\u5ea62.5 mg/L\u65f6\u4e3a96%\u3002\u4ee5\u539f\u5f62\u53ca5\u4e2a\u4ee3\u8c22\u7269\u4ece\u4f53\u5185\u6392\u51fa\uff0c7.4%\u81ea\u5c3f\u6db2\u6392\u51fa\u3002\u8840\u6d88\u9664\u534a\u8870\u671f(t1/2&beta;)\u4e3a8.4\uff5e15.5\u5c0f\u65f6\u3002</p>", "product_img": "picture/a5.jpg", "excerpt": "19\u9002\u7528\u4e8e\u5316\u8113\u6027\u94fe\u7403\u83cc\u5f15\u8d77\u7684\u54bd\u708e\u53ca\u6241\u6843\u4f53\u708e\uff0c\u654f\u611f\u83cc\u6240\u81f4\u7684\u9f3b\u7aa6\u708e\u3001\u4e2d\u8033\u708e\u3001\u6025\u6027\u652f\u6c14\u7ba1\u708e"}}, {"model": "auth.permission", "pk": 1, "fields": {"name": "Can add log entry", "content_type": 1, "codename": "add_logentry"}}, {"model": "auth.permission", "pk": 2, "fields": {"name": "Can change log entry", "content_type": 1, "codename": "change_logentry"}}, {"model": "auth.permission", "pk": 3, "fields": {"name": "Can delete log entry", "content_type": 1, "codename": "delete_logentry"}}, {"model": "auth.permission", "pk": 4, "fields": {"name": "Can add user", "content_type": 2, "codename": "add_user"}}, {"model": "auth.permission", "pk": 5, "fields": {"name": "Can change user", "content_type": 2, "codename": "change_user"}}, {"model": "auth.permission", "pk": 6, "fields": {"name": "Can delete user", "content_type": 2, "codename": "delete_user"}}, {"model": "auth.permission", "pk": 7, "fields": {"name": "Can add group", "content_type": 3, "codename": "add_group"}}, {"model": "auth.permission", "pk": 8, "fields": {"name": "Can change group", "content_type": 3, "codename": "change_group"}}, {"model": "auth.permission", "pk": 9, "fields": {"name": "Can delete group", "content_type": 3, "codename": "delete_group"}}, {"model": "auth.permission", "pk": 10, "fields": {"name": "Can add permission", "content_type": 4, "codename": "add_permission"}}, {"model": "auth.permission", "pk": 11, "fields": {"name": "Can change permission", "content_type": 4, "codename": "change_permission"}}, {"model": "auth.permission", "pk": 12, "fields": {"name": "Can delete permission", "content_type": 4, "codename": "delete_permission"}}, {"model": "auth.permission", "pk": 13, "fields": {"name": "Can add content type", "content_type": 5, "codename": "add_contenttype"}}, {"model": "auth.permission", "pk": 14, "fields": {"name": "Can change content type", "content_type": 5, "codename": "change_contenttype"}}, {"model": "auth.permission", "pk": 15, "fields": {"name": "Can delete content type", "content_type": 5, "codename": "delete_contenttype"}}, {"model": "auth.permission", "pk": 16, "fields": {"name": "Can add session", "content_type": 6, "codename": "add_session"}}, {"model": "auth.permission", "pk": 17, "fields": {"name": "Can change session", "content_type": 6, "codename": "change_session"}}, {"model": "auth.permission", "pk": 18, "fields": {"name": "Can delete session", "content_type": 6, "codename": "delete_session"}}, {"model": "auth.permission", "pk": 19, "fields": {"name": "Can add tag", "content_type": 7, "codename": "add_tag"}}, {"model": "auth.permission", "pk": 20, "fields": {"name": "Can change tag", "content_type": 7, "codename": "change_tag"}}, {"model": "auth.permission", "pk": 21, "fields": {"name": "Can delete tag", "content_type": 7, "codename": "delete_tag"}}, {"model": "auth.permission", "pk": 22, "fields": {"name": "Can add post", "content_type": 8, "codename": "add_post"}}, {"model": "auth.permission", "pk": 23, "fields": {"name": "Can change post", "content_type": 8, "codename": "change_post"}}, {"model": "auth.permission", "pk": 24, "fields": {"name": "Can delete post", "content_type": 8, "codename": "delete_post"}}, {"model": "auth.permission", "pk": 25, "fields": {"name": "Can add category", "content_type": 9, "codename": "add_category"}}, {"model": "auth.permission", "pk": 26, "fields": {"name": "Can change category", "content_type": 9, "codename": "change_category"}}, {"model": "auth.permission", "pk": 27, "fields": {"name": "Can delete category", "content_type": 9, "codename": "delete_category"}}, {"model": "auth.permission", "pk": 28, "fields": {"name": "Can add product", "content_type": 10, "codename": "add_product"}}, {"model": "auth.permission", "pk": 29, "fields": {"name": "Can change product", "content_type": 10, "codename": "change_product"}}, {"model": "auth.permission", "pk": 30, "fields": {"name": "Can delete product", "content_type": 10, "codename": "delete_product"}}, {"model": "auth.user", "pk": 1, "fields": {"password": "pbkdf2_sha256$30000$Q0aa5U65g6XB$WQvtkcAwlu66DK6y1us44983wN8G19QW6OWNe0ieZdc=", "last_login": "2018-09-09T15:48:01.972Z", "is_superuser": true, "username": "rxuser", "first_name": "", "last_name": "", "email": "a@aa.com", "is_staff": true, "is_active": true, "date_joined": "2018-06-29T15:41:09.990Z", "groups": [], "user_permissions": []}}, {"model": "blog.post", "pk": 2, "fields": {"title": "\u6807\u9898\u6d4b\u8bd51", "body": "<p>\u6b63\u65871\u6b63\u65871\u6b63\u65871\u6b63\u65871\u6b63\u65871\u6b63\u65871\u6b63\u65871\u6b63\u65871\u6b63\u65871\u6b63\u65871\u6b63\u65871\u6b63\u65871\u6b63\u65871\u6b63\u65871\u6b63\u65871\u6b63\u65871\u6b63\u65871\u6b63\u65871\u6b63\u65871\u6b63\u65871\u6b63\u65871\u6b63\u65871\u6b63\u65871\u6b63\u65871\u6b63\u65871\u6b63\u65871\u6b63\u65871\u6b63\u65871\u6b63\u65871\u6b63\u65871\u6b63\u65871\u6b63\u65871\u6b63\u65871\u6b63\u65871\u6b63\u65871\u6b63\u65871\u6b63\u65871\u6b63\u65871\u6b63\u65871\u6b63\u65871\u6b63\u65871\u6b63\u65871\u6b63\u65871\u6b63\u65871\u6b63\u65871\u6b63\u65871\u6b63\u65871\u6b63\u65871\u6b63\u65871\u6b63\u65871\u6b63\u65871\u6b63\u65871\u6b63\u65871\u6b63\u65871\u6b63\u65871\u6b63\u65871\u6b63\u65871\u6b63\u65871\u6b63\u65871\u6b63\u65871\u6b63\u65871\u6b63\u65871\u6b63\u65871\u6b63\u65871\u6b63\u65871\u6b63\u65871\u6b63\u65871\u6b63\u65871\u6b63\u65871\u6b63\u65871\u6b63\u65871\u6b63\u65871\u6b63\u65871\u6b63\u65871\u6b63\u65871\u6b63\u65871\u6b63\u65871\u6b63\u65871\u6b63\u65871\u6b63\u65871\u6b63\u65871\u6b63\u65871\u6b63\u65871\u6b63\u65871\u6b63\u65871\u6b63\u65871\u6b63\u65871\u6b63\u65871\u6b63\u65871\u6b63\u65871\u6b63\u65871\u6b63\u65871\u6b63\u65871\u6b63\u65871\u6b63\u65871\u6b63\u65871\u6b63\u65871\u6b63\u65871\u6b63\u65871\u6b63\u65871\u6b63\u65871\u6b63\u65871\u6b63\u65871\u6b63\u65871\u6b63\u65871\u6b63\u65871\u6b63\u65871\u6b63\u65871\u6b63\u65871\u6b63\u65871\u6b63\u65871\u6b63\u65871\u6b63\u65871\u6b63\u65871\u6b63\u65871\u6b63\u65871\u6b63\u65871\u6b63\u65871\u6b63\u65871\u6b63\u65871\u6b63\u65871\u6b63\u65871\u6b63\u65871\u6b63\u65871\u6b63\u65871\u6b63\u65871\u6b63\u65871\u6b63\u65871\u6b63\u65871\u6b63\u65871\u6b63\u65871\u6b63\u65871\u6b63\u65871\u6b63\u65871\u6b63\u65871\u6b63\u65871\u6b63\u65871\u6b63\u65871\u6b63\u65871\u6b63\u65871\u6b63\u65871\u6b63\u65871\u6b63\u65871\u6b63\u65871\u6b63\u65871\u6b63\u65871\u6b63\u65871\u6b63\u65871\u6b63\u65871\u6b63\u65871\u6b63\u65871\u6b63\u65871\u6b63\u65871\u6b63\u65871\u6b63\u65871\u6b63\u65871\u6b63\u65871\u6b63\u65871\u6b63\u65871\u6b63\u65871\u6b63\u65871\u6b63\u65871\u6b63\u65871\u6b63\u65871\u6b63\u65871\u6b63\u65871\u6b63\u65871\u6b63\u65871\u6b63\u65871\u6b63\u65871\u6b63\u65871\u6b63\u65871\u6b63\u65871\u6b63\u65871\u6b63\u65871</p>", "created_time": "2018-07-17T17:21:44.716Z", "modified_time": "2018-09-09T15:58:11.426Z", "excerpt": "", "category": 4, "author": 1, "post_img": "picture/\u9633\u5149_FWNfBoR.jpg", "tags": []}}, {"model": "blog.post", "pk": 3, "fields": {"title": "\u6807\u9898\u6d4b\u8bd52", "body": "<p>\u6b63\u65872\u6b63\u65872\u6b63\u65872\u6b63\u65872\u6b63\u65872\u6b63\u65872\u6b63\u65872\u6b63\u65872\u6b63\u65872\u6b63\u65872\u6b63\u65872\u6b63\u65872\u6b63\u65872\u6b63\u65872\u6b63\u65872\u6b63\u65872\u6b63\u65872\u6b63\u65872\u6b63\u65872\u6b63\u65872\u6b63\u65872\u6b63\u65872\u6b63\u65872\u6b63\u65872\u6b63\u65872\u6b63\u65872\u6b63\u65872\u6b63\u65872\u6b63\u65872\u6b63\u65872\u6b63\u65872\u6b63\u65872\u6b63\u65872\u6b63\u65872\u6b63\u65872\u6b63\u65872\u6b63\u65872\u6b63\u65872\u6b63\u65872\u6b63\u65872\u6b63\u65872\u6b63\u65872\u6b63\u65872\u6b63\u65872\u6b63\u65872\u6b63\u65872\u6b63\u65872\u6b63\u65872\u6b63\u65872\u6b63\u65872\u6b63\u65872\u6b63\u65872\u6b63\u65872\u6b63\u65872\u6b63\u65872\u6b63\u65872\u6b63\u65872\u6b63\u65872\u6b63\u65872\u6b63\u65872\u6b63\u65872\u6b63\u65872\u6b63\u65872\u6b63\u65872\u6b63\u65872\u6b63\u65872\u6b63\u65872\u6b63\u65872\u6b63\u65872\u6b63\u65872\u6b63\u65872\u6b63\u65872\u6b63\u65872\u6b63\u65872\u6b63\u65872\u6b63\u65872\u6b63\u65872\u6b63\u65872\u6b63\u65872\u6b63\u65872\u6b63\u65872\u6b63\u65872\u6b63\u65872\u6b63\u65872\u6b63\u65872\u6b63\u65872\u6b63\u65872\u6b63\u65872\u6b63\u65872\u6b63\u65872\u6b63\u65872\u6b63\u65872\u6b63\u65872\u6b63\u65872\u6b63\u65872\u6b63\u65872\u6b63\u65872\u6b63\u65872\u6b63\u65872\u6b63\u65872\u6b63\u65872\u6b63\u65872\u6b63\u65872\u6b63\u65872\u6b63\u65872\u6b63\u65872\u6b63\u65872\u6b63\u65872\u6b63\u65872\u6b63\u65872\u6b63\u65872\u6b63\u65872\u6b63\u65872\u6b63\u65872\u6b63\u65872\u6b63\u65872\u6b63\u65872\u6b63\u65872\u6b63\u65872\u6b63\u65872\u6b63\u65872\u6b63\u65872\u6b63\u65872\u6b63\u65872\u6b63\u65872\u6b63\u65872\u6b63\u65872\u6b63\u65872\u6b63\u65872\u6b63\u65872\u6b63\u65872\u6b63\u65872\u6b63\u65872\u6b63\u65872\u6b63\u65872\u6b63\u65872\u6b63\u65872\u6b63\u65872\u6b63\u65872\u6b63\u65872\u6b63\u65872\u6b63\u65872\u6b63\u65872\u6b63\u65872\u6b63\u65872\u6b63\u65872\u6b63\u65872\u6b63\u65872\u6b63\u65872\u6b63\u65872</p>", "created_time": "2018-07-17T17:21:44.716Z", "modified_time": "2018-09-09T15:58:21.314Z", "excerpt": "", "category": 4, "author": 1, "post_img": "picture/\u9633\u5149_vt2acwe.jpg", "tags": []}}, {"model": "blog.post", "pk": 4, "fields": {"title": "shell \u4e0b\u7b2c\u4e00\u7bc7", "body": "<p>***************</p>", "created_time": "2018-07-17T17:36:49.951Z", "modified_time": "2018-09-09T15:58:30.042Z", "excerpt": "", "category": 4, "author": 1, "post_img": "picture/\u9633\u5149_M4yne5z.jpg", "tags": []}}, {"model": "blog.post", "pk": 5, "fields": {"title": "for 1", "body": "<p>******:1</p>", "created_time": "2018-07-17T17:54:34.008Z", "modified_time": "2018-09-09T15:58:47.202Z", "excerpt": "", "category": 4, "author": 1, "post_img": "picture/\u9633\u5149_kYJlplx.jpg", "tags": []}}, {"model": "blog.post", "pk": 6, "fields": {"title": "for 2", "body": "<p>******:2</p>", "created_time": "2018-07-17T17:54:34.024Z", "modified_time": "2018-09-09T15:59:02.107Z", "excerpt": "", "category": 4, "author": 1, "post_img": "picture/\u9633\u5149_GcooUXL.jpg", "tags": []}}, {"model": "blog.post", "pk": 7, "fields": {"title": "for 3", "body": "<p>******:3</p>", "created_time": "2018-07-17T17:54:34.024Z", "modified_time": "2018-09-09T15:59:11.219Z", "excerpt": "", "category": 4, "author": 1, "post_img": "picture/\u9633\u5149_pUAS4rl.jpg", "tags": []}}, {"model": "blog.post", "pk": 8, "fields": {"title": "for 4", "body": "<p>******:4</p>", "created_time": "2018-07-17T17:54:34.040Z", "modified_time": "2018-09-09T15:59:19.674Z", "excerpt": "", "category": 4, "author": 1, "post_img": "picture/\u9633\u5149_8upDiaK.jpg", "tags": []}}, {"model": "blog.post", "pk": 9, "fields": {"title": "for 5", "body": "<p>******:5</p>", "created_time": "2018-07-17T17:54:34.067Z", "modified_time": "2018-09-09T15:59:31.053Z", "excerpt": "", "category": 4, "author": 1, "post_img": "picture/\u9633\u5149_YpAhhoz.jpg", "tags": []}}, {"model": "blog.post", "pk": 10, "fields": {"title": "for 6", "body": "<p>******:6</p>", "created_time": "2018-07-17T17:54:34.067Z", "modified_time": "2018-09-09T15:59:39.809Z", "excerpt": "", "category": 4, "author": 1, "post_img": "picture/\u9633\u5149_rzqxvgr.jpg", "tags": []}}, {"model": "blog.post", "pk": 11, "fields": {"title": "for 7", "body": "<p>******:7</p>", "created_time": "2018-07-17T17:54:34.087Z", "modified_time": "2018-09-09T15:59:48.139Z", "excerpt": "", "category": 4, "author": 1, "post_img": "picture/\u9633\u5149_oIUlcwj.jpg", "tags": []}}, {"model": "blog.post", "pk": 12, "fields": {"title": "for 8", "body": "<p>******:8</p>", "created_time": "2018-07-17T17:54:34.096Z", "modified_time": "2018-09-09T15:59:56.153Z", "excerpt": "", "category": 4, "author": 1, "post_img": "picture/\u9633\u5149_ePdq2zm.jpg", "tags": []}}, {"model": "blog.post", "pk": 13, "fields": {"title": "for 9", "body": "<p>******:9</p>", "created_time": "2018-07-17T17:54:34.106Z", "modified_time": "2018-09-09T16:00:18.473Z", "excerpt": "", "category": 4, "author": 1, "post_img": "picture/\u9633\u5149_2azQxix.jpg", "tags": []}}, {"model": "blog.post", "pk": 14, "fields": {"title": "for 10", "body": "<p>******:10</p>", "created_time": "2018-07-17T17:54:34.106Z", "modified_time": "2018-09-09T16:00:05.297Z", "excerpt": "", "category": 4, "author": 1, "post_img": "picture/\u9633\u5149_dYoFRfj.jpg", "tags": []}}, {"model": "blog.post", "pk": 15, "fields": {"title": "for 11", "body": "<p>******:11</p>", "created_time": "2018-07-17T17:54:34.127Z", "modified_time": "2018-09-09T16:00:27.864Z", "excerpt": "", "category": 4, "author": 1, "post_img": "picture/\u9633\u5149_LWBGm7j.jpg", "tags": []}}, {"model": "blog.post", "pk": 16, "fields": {"title": "for 12", "body": "<p>******:12</p>", "created_time": "2018-07-17T17:54:34.127Z", "modified_time": "2018-09-09T16:00:35.910Z", "excerpt": "", "category": 4, "author": 1, "post_img": "picture/\u9633\u5149_i52F5HN.jpg", "tags": []}}, {"model": "blog.post", "pk": 17, "fields": {"title": "for 13", "body": "<p>******:13</p>", "created_time": "2018-07-17T17:54:34.143Z", "modified_time": "2018-09-09T16:00:42.349Z", "excerpt": "", "category": 4, "author": 1, "post_img": "picture/\u9633\u5149_UAGi6p5.jpg", "tags": []}}, {"model": "blog.post", "pk": 18, "fields": {"title": "for 14", "body": "<p>******:14</p>", "created_time": "2018-07-17T17:54:34.158Z", "modified_time": "2018-09-09T16:00:49.332Z", "excerpt": "", "category": 4, "author": 1, "post_img": "picture/\u9633\u5149_CSuVvju.jpg", "tags": []}}, {"model": "blog.post", "pk": 19, "fields": {"title": "for 15", "body": "<p>******:15</p>", "created_time": "2018-07-17T17:54:34.158Z", "modified_time": "2018-09-09T16:00:57.522Z", "excerpt": "", "category": 4, "author": 1, "post_img": "picture/\u9633\u5149_moONyY5.jpg", "tags": []}}, {"model": "blog.post", "pk": 20, "fields": {"title": "for 16", "body": "<p>******:16</p>", "created_time": "2018-07-17T17:54:34.181Z", "modified_time": "2018-09-09T16:01:05.581Z", "excerpt": "", "category": 4, "author": 1, "post_img": "picture/\u9633\u5149_OjJgdBB.jpg", "tags": []}}, {"model": "blog.post", "pk": 21, "fields": {"title": "for 17", "body": "<p>******:17</p>", "created_time": "2018-07-17T17:54:34.192Z", "modified_time": "2018-09-09T16:01:12.264Z", "excerpt": "", "category": 4, "author": 1, "post_img": "picture/\u9633\u5149_2o5Qgth.jpg", "tags": []}}, {"model": "blog.post", "pk": 22, "fields": {"title": "for 18", "body": "<p>******:18</p>", "created_time": "2018-07-17T17:54:34.201Z", "modified_time": "2018-09-09T16:01:19.066Z", "excerpt": "", "category": 4, "author": 1, "post_img": "picture/\u9633\u5149_1gbIEIG.jpg", "tags": []}}, {"model": "blog.post", "pk": 23, "fields": {"title": "for 19", "body": "<p>******:19</p>", "created_time": "2018-07-17T17:54:34.205Z", "modified_time": "2018-09-09T16:01:25.475Z", "excerpt": "", "category": 4, "author": 1, "post_img": "picture/\u9633\u5149_c5bdOCM.jpg", "tags": []}}, {"model": "blog.post", "pk": 24, "fields": {"title": "for 20", "body": "<p>******:20</p>", "created_time": "2018-07-17T17:54:34.221Z", "modified_time": "2018-09-09T16:01:35.586Z", "excerpt": "", "category": 4, "author": 1, "post_img": "picture/\u9633\u5149_kdCVbFJ.jpg", "tags": []}}, {"model": "blog.post", "pk": 25, "fields": {"title": "for 21", "body": "<p>******:21</p>", "created_time": "2018-07-17T17:54:34.221Z", "modified_time": "2018-09-09T16:01:42.829Z", "excerpt": "", "category": 4, "author": 1, "post_img": "picture/\u9633\u5149_0AtXFvf.jpg", "tags": []}}, {"model": "blog.post", "pk": 26, "fields": {"title": "for 22", "body": "<p>******:22</p>", "created_time": "2018-07-17T17:54:34.237Z", "modified_time": "2018-09-09T16:01:52.154Z", "excerpt": "", "category": 4, "author": 1, "post_img": "picture/\u9633\u5149_ikesJOL.jpg", "tags": []}}, {"model": "blog.post", "pk": 27, "fields": {"title": "for 23", "body": "<p>******:23</p>", "created_time": "2018-07-17T17:54:34.237Z", "modified_time": "2018-09-09T16:01:59.929Z", "excerpt": "", "category": 4, "author": 1, "post_img": "picture/\u9633\u5149_yYmImR7.jpg", "tags": []}}, {"model": "blog.post", "pk": 28, "fields": {"title": "for 24", "body": "<p>******:24</p>", "created_time": "2018-07-17T17:54:34.252Z", "modified_time": "2018-09-09T16:02:06.387Z", "excerpt": "", "category": 4, "author": 1, "post_img": "picture/\u9633\u5149_5gtw0Pg.jpg", "tags": []}}, {"model": "blog.post", "pk": 29, "fields": {"title": "for 25", "body": "<p>******:25</p>", "created_time": "2018-07-17T17:54:34.268Z", "modified_time": "2018-09-09T16:02:15.307Z", "excerpt": "", "category": 4, "author": 1, "post_img": "picture/\u9633\u5149_fqTZH4k.jpg", "tags": []}}, {"model": "blog.post", "pk": 30, "fields": {"title": "for 26", "body": "<p>******:26</p>", "created_time": "2018-07-17T17:54:34.268Z", "modified_time": "2018-09-09T15:58:02.553Z", "excerpt": "", "category": 4, "author": 1, "post_img": "picture/\u9633\u5149_UJ9Wxqg.jpg", "tags": []}}, {"model": "blog.post", "pk": 31, "fields": {"title": "for 27", "body": "<p>******:27</p>", "created_time": "2018-07-17T17:54:34.284Z", "modified_time": "2018-09-09T15:57:51.837Z", "excerpt": "", "category": 4, "author": 1, "post_img": "picture/\u9633\u5149_KTAUnIY.jpg", "tags": []}}, {"model": "blog.post", "pk": 32, "fields": {"title": "for 28", "body": "<p>******:28</p>", "created_time": "2018-07-17T17:54:34.284Z", "modified_time": "2018-09-09T15:57:45.272Z", "excerpt": "", "category": 4, "author": 1, "post_img": "picture/\u9633\u5149_taaz2Uv.jpg", "tags": []}}, {"model": "blog.post", "pk": 33, "fields": {"title": "\u7b2c\u4e8c\u5341\u4e5d\u7bc7", "body": "<p>******:29<img alt=\"\" src=\"/media/upload/2018/07/21/1-151030102f80-l.jpg\" style=\"height:171px; width:330px\" /></p>", "created_time": "2018-07-17T17:54:34.306Z", "modified_time": "2018-09-09T15:57:15.890Z", "excerpt": "", "category": 4, "author": 1, "post_img": "picture/\u9633\u5149_BkeOdWy.jpg", "tags": []}}, {"model": "blog.post", "pk": 34, "fields": {"title": "\u7b2c\u4e09\u5341\u7bc7", "body": "<h1><strong>\u6807\u9898\u6d4b\u8bd5</strong></h1>\r\n\r\n<p>*****:30\u6b63\u6587******:<strong>30\u6b63\u6587******:30\u6b63\u6587</strong></p>\r\n\r\n<div>11111111111111111111111<img alt=\"\" src=\"/media/upload/2018/07/19/erxorm.jpg\" style=\"height:400px; width:240px\" /></div>\r\n\r\n<p>*<br />\r\n******:30\u6b63\u6587******:30\u6b63\u6587******:30\u6b63\u6587******:30\u6b63\u6587******:30\u6b63\u6587******:30\u6b63\u6587******:30\u6b63\u6587******:30\u6b63\u6587******:30\u6b63\u6587******:30\u6b63\u6587******:30\u6b63\u6587******:30\u6b63\u6587 ******:30\u6b63\u6587******:30\u6b63\u6587******:30\u6b63\u6587******:30\u6b63\u6587******:30\u6b63\u6587 ******:30\u6b63\u6587******:30\u6b63\u6587******:30\u6b63\u6587******:30\u6b63\u6587******:30\u6b63\u6587******:30\u6b63\u6587******:30\u6b63\u6587******:30\u6b63\u6587******:30\u6b63\u6587******:30\u6b63\u6587******:30\u6b63\u6587******:30\u6b63\u6587******:30\u6b63\u6587******:30\u6b63\u6587******:30\u6b63\u6587******:30\u6b63\u6587******:30\u6b63\u6587******:30\u6b63\u6587******:30\u6b63\u6587******:30\u6b63\u6587******:30\u6b63\u6587******:30\u6b63\u6587******:30\u6b63\u6587******:30\u6b63\u6587******:30\u6b63\u6587******:30\u6b63\u6587******:30\u6b63\u6587******:30\u6b63\u6587******:30\u6b63\u6587******:30\u6b63\u6587******:30\u6b63\u6587******:30\u6b63\u6587******:30\u6b63\u6587******:30\u6b63\u6587******:30\u6b63\u6587******:30\u6b63\u6587******:30\u6b63\u6587******:30\u6b63\u6587******:30\u6b63\u6587******:30\u6b63\u6587******:30\u6b63\u6587******:30\u6b63\u6587******:30\u6b63\u6587******:30\u6b63\u6587******:30\u6b63\u6587******:30\u6b63\u6587******:30\u6b63\u6587******:30\u6b63\u6587******:30\u6b63\u6587******:30\u6b63\u6587******:30\u6b63\u6587******:30\u6b63\u6587******:30\u6b63\u6587******:30\u6b63\u6587******:30\u6b63\u6587******:30\u6b63\u6587******:30\u6b63\u6587******:30\u6b63\u6587******:30\u6b63\u6587******:30\u6b63\u6587******:30<span style=\"color:#2ecc71\">\u6b63\u6587******:30\u6b63\u6587*</span>*****:30\u6b63\u6587******:30\u6b63\u6587******:30\u6b63\u6587******:30\u6b63\u6587******:30\u6b63\u6587******:30\u6b63\u6587******:30\u6b63\u6587******:30\u6b63\u6587</p>", "created_time": "2018-07-17T17:54:34.315Z", "modified_time": "2018-09-09T15:57:08.357Z", "excerpt": "1111111111111111111111113333333333333333333333333333333", "category": 4, "author": 1, "post_img": "picture/\u9633\u5149.jpg", "tags": []}}, {"model": "blog.post", "pk": 36, "fields": {"title": "\u516c\u53f8\u7b80\u4ecb", "body": "<p>&nbsp; &nbsp; &nbsp;&nbsp;<a href=\"https://baike.baidu.com/item/%E6%B5%99%E6%B1%9F%E7%91%9E%E6%96%B0%E8%8D%AF%E4%B8%9A%E8%82%A1%E4%BB%BD%E6%9C%89%E9%99%90%E5%85%AC%E5%8F%B8/5612434\" target=\"_blank\">\u6d59\u6c5f\u745e\u65b0\u836f\u4e1a\u80a1\u4efd\u6709\u9650\u516c\u53f8</a>2002\u5e741\u6708\u6210\u7acb\uff0c\u4e3a\u539f\u6d59\u6c5f\u4e3d\u6c34\u6d59\u5357\u836f\u4e1a\u6709\u9650\u516c\u53f8\u6539\u5236\u7ec4\u6210\u7684\u80a1\u4efd\u6709\u9650\u516c\u53f8\u30022002\u5e74\u5e95\u516c\u53f8\u7531<a href=\"https://baike.baidu.com/item/%E4%B8%BD%E6%B0%B4%E5%B8%82/2713089\" target=\"_blank\">\u4e3d\u6c34\u5e02</a>\u4e3d\u9633\u8857588\u53f7\u6574\u4f53\u642c\u8fc1\u81f3\u4e3d\u6c34\u5e02\u5929\u5b81\u5de5\u4e1a\u533a\u5f00\u53d1\u8def\u3002\u5382\u533a\u5360\u5730\u9762\u79ef3.33\u4e07\u5e73\u65b9\u7c73\uff0c\u5176\u4e2d\u5efa\u7b51\u9762\u79ef1.45\u4e07\u5e73\u65b9\u7c73\uff0c\u9053\u8def\u53ca\u7eff\u5316\u9762\u79ef1.49\u4e07\u5e73\u65b9\u7c73\uff0c\u7eff\u5316\u738731.6%\u3002</p>\r\n\r\n<p>&nbsp; &nbsp; &nbsp; &nbsp;\u516c\u53f8\u73b0\u6709\u5c0f\u5bb9\u91cf\u6ce8\u5c04\u5242\u3001\u56fa\u4f53\u53e3\u670d\u5236\u5242(\u7247\u5242\u3001\u80f6\u56ca)\u3001\u51bb\u5e72\u7c89\u9488\u5242\u3001\u539f\u6599\u836f\u7b494\u4e2a\u751f\u4ea7\u8f66\u95f4\u53ca\u6c34\u3001\u7535\u3001\u6c7d\u516c\u7528\u914d\u5957\u8bbe\u65bd\uff0c\u662f\u5177\u6709\u751f\u4ea7\u591a\u79cd\u5242\u578b\u548c\u539f\u6599\u836f\u53ca\u53d1\u9175\u63d0\u53d6\u7684\u7efc\u5408\u6027\u5236\u836f\u4f01\u4e1a\u3002\u6240\u6709\u5242\u578b\u548c\u539f\u6599\u836f\u90fd\u901a\u8fc7\u4e86\u56fd\u5bb6\u836f\u54c1GMP\u8ba4\u8bc1\u30022007\u5e74~2008\u5e74\u516c\u53f8\u6280\u6539\u6295\u5165400\u4e07\u5143\u8fdb\u884cGMP\u786c\u4ef6\u6539\u9020\uff0c\u751f\u4ea7\u80fd\u529b\u548c\u4ea7\u54c1\u8d28\u91cf\u5747\u6709\u660e\u663e\u63d0\u9ad8\u3002\u516c\u53f8\u73b0\u6709\u5458\u5de5300\u540d\uff0c\u5404\u7c7b\u6280\u672f\u4eba\u545872\u540d\uff0c\u62e5\u6709\u836f\u54c1\u6279\u51c6\u6587\u53f795\u4e2a\u3002\u5e74\u751f\u4ea7\u80fd\u529b\u7247\u5242\u4e3a12\u4ebf\u7247\u3001\u5c0f\u5bb9\u91cf\u6ce8\u5c04\u5242\u4e3a2\u4ebf\u652f\u3001\u51bb\u5e72\u7c89\u9488\u5242180\u4e07\u652f\u3001\u666e\u901a\u80f6\u56ca7000\u4e07\u7c92\u3001\u5934\u5b62\u83cc\u7d20\u7c7b\u80f6\u56ca2000\u4e07\u7c92\u3001\u6297\u80bf\u7624\u836f\u80f6\u56ca500\u4e07\u7c92\u3002</p>\r\n\r\n<p>&nbsp; &nbsp; &nbsp; &nbsp;&nbsp;</p>\r\n\r\n<p>&nbsp; &nbsp; &nbsp; &nbsp; &nbsp;\u516c\u53f8\u6210\u7acb\u4e03\u5e74\u6765\uff0c\u7531\u4e8e\u91cd\u89c6\u5458\u5de5\u57f9\u8bad\uff0c\u5f15\u8fdb\u4eba\u624d\uff0c\u5f15\u8fdb\u5148\u8fdb\u751f\u4ea7\u8bbe\u5907\uff0c\u65e2\u4fdd\u8bc1\u4e86\u4ea7\u54c1\u8d28\u91cf\uff0c\u53c8\u63d0\u9ad8\u4e86\u4ea7\u91cf\u3002\u4f01\u4e1a\u53ca\u4ea7\u54c1\u77e5\u540d\u5ea6\u4e0d\u65ad\u63d0\u9ad8\uff0c\u5f97\u5230\u4e86\u56fd\u5185\u5916\u5e7f\u5927\u7528\u6237\u7684\u8ba4\u53ef\u548c\u9752\u7750\u3002\u4f01\u4e1a\u7ecf\u6d4e\u6548\u76ca\u7a33\u6b65\u63d0\u9ad8\u3002</p>\r\n\r\n<p>2008\u5e74\u5ea6\u9500\u552e\u989d6500\u4e07\u5143\uff08\u542b\u7a0e\uff09\uff0c\u5229\u7a0e\u603b\u989d\u5b9e\u73b0500\u4e07\u5143\uff0c\u8fd1\u4e24\u5e74\uff0c\u9500\u552e\u989d\u548c\u5229\u7a0e\u603b\u989d\u5e74\u589e\u957f15%\u4ee5\u4e0a\u3002\u5728\u65b0\u4ea7\u54c1\u5f15\u8fdb\u65b9\u9762\u4e5f\u521d\u89c1\u6210\u6548\uff0c\u5df2\u6709\u4e24\u4e2a\u4eff\u5236\u4ea7\u54c1\u83b7\u5f97<a href=\"https://baike.baidu.com/item/%E5%9B%BD%E5%AE%B6%E9%A3%9F%E5%93%81%E8%8D%AF%E5%93%81%E7%9B%91%E7%9D%A3%E7%AE%A1%E7%90%86%E5%B1%80\" target=\"_blank\">\u56fd\u5bb6\u98df\u54c1\u836f\u54c1\u76d1\u7763\u7ba1\u7406\u5c40</a>\u6279\u51c6\uff0c\u5e76\u5df2\u6295\u5165\u751f\u4ea7\u3002</p>\r\n\r\n<p>&nbsp; &nbsp; &nbsp; &nbsp;&nbsp;\u6d59\u6c5f\u745e\u65b0\u836f\u4e1a\u80a1\u4efd\u6709\u9650\u516c\u53f8\u662f\u6d59\u6c5f\u7701\u4e3d\u6c34\u5e02\u6e29\u5dde\u5546\u4f1a\u5e38\u52a1\u7406\u4e8b\u5355\u4f4d\u3001\u4e3d\u6c34\u5e02\u533b\u836f\u534f\u4f1a\u5e38\u52a1\u7406\u4e8b\u5355\u4f4d\u3001\u4e3d\u6c34\u5e02\u836f\u5b66\u4f1a\u4f1a\u5458\u5355\u4f4d\u3002\u516c\u53f8\u6d41\u52a8\u8d44\u91d1\u5145\u8db3\uff0c\u4f01\u4e1a\u8d44\u4fe1\u7b49\u7ea7\u4e3aAAA\u7ea7\uff0c\u7eb3\u7a0e\u4fe1\u8a89\u7b49\u7ea7\u4e3aAAA\u7ea7\u3002\u516c\u53f8\u51ed\u7740\u987d\u5f3a\u52a1\u5b9e\u7684\u62fc\u640f\u7cbe\u795e\uff0c\u81f4\u529b\u4e8e\u5f00\u62d3\u5e02\u573a\u3001\u5f15\u8fdb\u4eba\u624d\u3001\u5f00\u53d1\u65b0\u836f\uff0c\u4f7f\u4f01\u4e1a\u505a\u5927\u505a\u5f3a\u3002</p>\r\n\r\n<p>&nbsp;</p>", "created_time": "2018-09-09T17:11:20.909Z", "modified_time": "2018-09-09T17:17:33.005Z", "excerpt": "", "category": 5, "author": 1, "post_img": "", "tags": []}}, {"model": "blog.post", "pk": 37, "fields": {"title": "\u4f01\u4e1a\u8363\u8a89", "body": "<p>&nbsp; &nbsp;\u6d59\u6c5f\u745e\u65b0\u836f\u4e1a\u80a1\u4efd\u6709\u9650\u516c\u53f8\u662f\u6d59\u6c5f\u7701\u4e3d\u6c34\u5e02\u6e29\u5dde\u5546\u4f1a\u5e38\u52a1\u7406\u4e8b\u5355\u4f4d\u3001\u4e3d\u6c34\u5e02\u533b\u836f\u534f\u4f1a\u5e38\u52a1\u7406\u4e8b\u5355\u4f4d\u3001\u4e3d\u6c34\u5e02\u836f\u5b66\u4f1a\u4f1a\u5458\u5355\u4f4d\u3002\u4f01\u4e1a\u8d44\u4fe1\u7b49\u7ea7\u4e3aAAA\u7ea7\uff0c\u7eb3\u7a0e\u4fe1\u8a89\u7b49\u7ea7\u4e3aAAA\u7ea7\u3002\u516c\u53f8\u51ed\u7740\u987d\u5f3a\u52a1\u5b9e\u7684\u62fc\u640f\u7cbe\u795e\uff0c\u81f4\u529b\u4e8e\u5f00\u62d3\u5e02\u573a\u3001\u5f15\u8fdb\u4eba\u624d\u3001\u5f00\u53d1\u65b0\u836f\uff0c\u4f7f\u4f01\u4e1a\u505a\u5927\u505a\u5f3a\u3002</p>\r\n\r\n<p>&nbsp;</p>\r\n\r\n<p>&nbsp;</p>\r\n\r\n<p>&nbsp;</p>\r\n\r\n<p>&nbsp;</p>\r\n\r\n<p>&nbsp;</p>\r\n\r\n<p>&nbsp;</p>\r\n\r\n<p>&nbsp;</p>\r\n\r\n<p>&nbsp;</p>\r\n\r\n<p>&nbsp;</p>\r\n\r\n<p>&nbsp;</p>\r\n\r\n<p>&nbsp;</p>\r\n\r\n<p>&nbsp;</p>\r\n\r\n<p>&nbsp;</p>\r\n\r\n<p>\u3002</p>", "created_time": "2018-09-09T17:31:32.214Z", "modified_time": "2018-09-09T17:32:35.314Z", "excerpt": "", "category": 6, "author": 1, "post_img": "", "tags": []}}, {"model": "blog.post", "pk": 38, "fields": {"title": "\u62db\u8058\u4fe1\u606f", "body": "<p>\u6682\u65e0...........</p>\r\n\r\n<p>&nbsp;</p>\r\n\r\n<p>&nbsp;</p>\r\n\r\n<p>&nbsp;</p>\r\n\r\n<p>&nbsp;</p>\r\n\r\n<p>&nbsp;</p>\r\n\r\n<p>&nbsp;</p>\r\n\r\n<p>&nbsp;</p>\r\n\r\n<p>&nbsp;</p>\r\n\r\n<p>&nbsp;</p>\r\n\r\n<p>&nbsp;</p>\r\n\r\n<p>&nbsp;</p>\r\n\r\n<p>&nbsp;</p>\r\n\r\n<p>&nbsp;</p>\r\n\r\n<p>&nbsp;</p>\r\n\r\n<p>&nbsp;</p>\r\n\r\n<p>&nbsp;</p>\r\n\r\n<p>&nbsp;</p>\r\n\r\n<p>.</p>", "created_time": "2018-09-09T17:45:16.620Z", "modified_time": "2018-09-09T17:45:16.620Z", "excerpt": "", "category": 7, "author": 1, "post_img": "", "tags": []}}, {"model": "admin.logentry", "pk": 1, "fields": {"action_time": "2018-07-08T16:02:59.295Z", "user": 1, "content_type": 9, "object_id": "2", "object_repr": "\u5206\u7c7b\u6d4b\u8bd51", "action_flag": 1, "change_message": "[{\"added\": {}}]"}}, {"model": "admin.logentry", "pk": 2, "fields": {"action_time": "2018-07-08T16:03:12.051Z", "user": 1, "content_type": 8, "object_id": "2", "object_repr": "\u6807\u9898\u6d4b\u8bd51", "action_flag": 1, "change_message": "[{\"added\": {}}]"}}, {"model": "admin.logentry", "pk": 3, "fields": {"action_time": "2018-07-08T16:04:49.038Z", "user": 1, "content_type": 9, "object_id": "3", "object_repr": "\u5206\u7c7b\u6d4b\u8bd52", "action_flag": 1, "change_message": "[{\"added\": {}}]"}}, {"model": "admin.logentry", "pk": 4, "fields": {"action_time": "2018-07-08T16:04:55.890Z", "user": 1, "content_type": 8, "object_id": "3", "object_repr": "\u6807\u9898\u6d4b\u8bd52", "action_flag": 1, "change_message": "[{\"added\": {}}]"}}, {"model": "admin.logentry", "pk": 5, "fields": {"action_time": "2018-07-08T16:05:34.725Z", "user": 1, "content_type": 9, "object_id": "1", "object_repr": "\u5206\u7c7b\u6d4b\u8bd5\u65b0", "action_flag": 3, "change_message": ""}}, {"model": "admin.logentry", "pk": 6, "fields": {"action_time": "2018-07-18T16:27:30.010Z", "user": 1, "content_type": 8, "object_id": "34", "object_repr": "for 30", "action_flag": 2, "change_message": "[{\"changed\": {\"fields\": [\"body\"]}}]"}}, {"model": "admin.logentry", "pk": 7, "fields": {"action_time": "2018-07-18T16:38:05.012Z", "user": 1, "content_type": 8, "object_id": "34", "object_repr": "for 30", "action_flag": 2, "change_message": "[{\"changed\": {\"fields\": [\"excerpt\"]}}]"}}, {"model": "admin.logentry", "pk": 8, "fields": {"action_time": "2018-07-18T16:46:16.573Z", "user": 1, "content_type": 8, "object_id": "34", "object_repr": "for 30", "action_flag": 2, "change_message": "[{\"changed\": {\"fields\": [\"body\"]}}]"}}, {"model": "admin.logentry", "pk": 9, "fields": {"action_time": "2018-07-18T18:11:25.992Z", "user": 1, "content_type": 8, "object_id": "34", "object_repr": "for 30", "action_flag": 2, "change_message": "[{\"changed\": {\"fields\": [\"body\"]}}]"}}, {"model": "admin.logentry", "pk": 10, "fields": {"action_time": "2018-07-18T18:47:57.909Z", "user": 1, "content_type": 8, "object_id": "34", "object_repr": "for 30", "action_flag": 2, "change_message": "[{\"changed\": {\"fields\": [\"body\"]}}]"}}, {"model": "admin.logentry", "pk": 11, "fields": {"action_time": "2018-07-18T18:57:24.538Z", "user": 1, "content_type": 8, "object_id": "34", "object_repr": "for 30", "action_flag": 2, "change_message": "[{\"changed\": {\"fields\": [\"body\"]}}]"}}, {"model": "admin.logentry", "pk": 12, "fields": {"action_time": "2018-07-19T09:43:57.569Z", "user": 1, "content_type": 8, "object_id": "34", "object_repr": "for 30", "action_flag": 2, "change_message": "[{\"changed\": {\"fields\": [\"body\"]}}]"}}, {"model": "admin.logentry", "pk": 13, "fields": {"action_time": "2018-07-19T17:11:32.928Z", "user": 1, "content_type": 10, "object_id": "1", "object_repr": "\u7f57\u7ea2\u9709\u7d20\u80f6\u56ca", "action_flag": 1, "change_message": "[{\"added\": {}}]"}}, {"model": "admin.logentry", "pk": 14, "fields": {"action_time": "2018-07-19T19:35:17.942Z", "user": 1, "content_type": 10, "object_id": "1", "object_repr": "\u7f57\u7ea2\u9709\u7d20\u80f6\u56ca", "action_flag": 2, "change_message": "[{\"changed\": {\"fields\": [\"description\"]}}]"}}, {"model": "admin.logentry", "pk": 15, "fields": {"action_time": "2018-07-19T20:02:56.864Z", "user": 1, "content_type": 10, "object_id": "1", "object_repr": "\u7f57\u7ea2\u9709\u7d20\u80f6\u56ca", "action_flag": 2, "change_message": "[{\"changed\": {\"fields\": [\"description\"]}}]"}}, {"model": "admin.logentry", "pk": 16, "fields": {"action_time": "2018-07-19T20:06:22.557Z", "user": 1, "content_type": 10, "object_id": "1", "object_repr": "\u7f57\u7ea2\u9709\u7d20\u80f6\u56ca", "action_flag": 2, "change_message": "[{\"changed\": {\"fields\": [\"description\"]}}]"}}, {"model": "admin.logentry", "pk": 17, "fields": {"action_time": "2018-07-19T20:09:05.661Z", "user": 1, "content_type": 10, "object_id": "1", "object_repr": "\u7f57\u7ea2\u9709\u7d20\u80f6\u56ca", "action_flag": 2, "change_message": "[{\"changed\": {\"fields\": [\"description\"]}}]"}}, {"model": "admin.logentry", "pk": 18, "fields": {"action_time": "2018-07-19T20:17:43.673Z", "user": 1, "content_type": 10, "object_id": "2", "object_repr": "22222", "action_flag": 1, "change_message": "[{\"added\": {}}]"}}, {"model": "admin.logentry", "pk": 19, "fields": {"action_time": "2018-07-19T20:18:21.354Z", "user": 1, "content_type": 10, "object_id": "3", "object_repr": "3333333", "action_flag": 1, "change_message": "[{\"added\": {}}]"}}, {"model": "admin.logentry", "pk": 20, "fields": {"action_time": "2018-07-19T20:18:57.622Z", "user": 1, "content_type": 10, "object_id": "4", "object_repr": "44444444444", "action_flag": 1, "change_message": "[{\"added\": {}}]"}}, {"model": "admin.logentry", "pk": 21, "fields": {"action_time": "2018-07-19T20:19:24.912Z", "user": 1, "content_type": 10, "object_id": "5", "object_repr": "555555555", "action_flag": 1, "change_message": "[{\"added\": {}}]"}}, {"model": "admin.logentry", "pk": 22, "fields": {"action_time": "2018-07-19T21:00:07.410Z", "user": 1, "content_type": 10, "object_id": "3", "object_repr": "3333333", "action_flag": 2, "change_message": "[{\"changed\": {\"fields\": [\"description\"]}}]"}}, {"model": "admin.logentry", "pk": 23, "fields": {"action_time": "2018-07-19T21:00:23.409Z", "user": 1, "content_type": 10, "object_id": "4", "object_repr": "44444444444", "action_flag": 2, "change_message": "[{\"changed\": {\"fields\": [\"description\"]}}]"}}, {"model": "admin.logentry", "pk": 24, "fields": {"action_time": "2018-07-19T21:00:35.185Z", "user": 1, "content_type": 10, "object_id": "5", "object_repr": "555555555", "action_flag": 2, "change_message": "[{\"changed\": {\"fields\": [\"description\"]}}]"}}, {"model": "admin.logentry", "pk": 25, "fields": {"action_time": "2018-07-19T21:07:38.185Z", "user": 1, "content_type": 10, "object_id": "6", "object_repr": "66666666666", "action_flag": 1, "change_message": "[{\"added\": {}}]"}}, {"model": "admin.logentry", "pk": 26, "fields": {"action_time": "2018-07-19T21:08:13.030Z", "user": 1, "content_type": 10, "object_id": "7", "object_repr": "77777777777777", "action_flag": 1, "change_message": "[{\"added\": {}}]"}}, {"model": "admin.logentry", "pk": 27, "fields": {"action_time": "2018-07-19T21:08:39.024Z", "user": 1, "content_type": 10, "object_id": "8", "object_repr": "888888888", "action_flag": 1, "change_message": "[{\"added\": {}}]"}}, {"model": "admin.logentry", "pk": 28, "fields": {"action_time": "2018-07-19T21:09:15.450Z", "user": 1, "content_type": 10, "object_id": "9", "object_repr": "999999999999", "action_flag": 1, "change_message": "[{\"added\": {}}]"}}, {"model": "admin.logentry", "pk": 29, "fields": {"action_time": "2018-07-19T21:09:44.510Z", "user": 1, "content_type": 10, "object_id": "10", "object_repr": "10101010", "action_flag": 1, "change_message": "[{\"added\": {}}]"}}, {"model": "admin.logentry", "pk": 30, "fields": {"action_time": "2018-07-20T04:23:45.921Z", "user": 1, "content_type": 10, "object_id": "2", "object_repr": "22222", "action_flag": 2, "change_message": "[{\"changed\": {\"fields\": [\"description\"]}}]"}}, {"model": "admin.logentry", "pk": 31, "fields": {"action_time": "2018-07-20T04:24:11.642Z", "user": 1, "content_type": 10, "object_id": "2", "object_repr": "22222", "action_flag": 2, "change_message": "[{\"changed\": {\"fields\": [\"description\"]}}]"}}, {"model": "admin.logentry", "pk": 32, "fields": {"action_time": "2018-07-20T04:24:21.249Z", "user": 1, "content_type": 10, "object_id": "2", "object_repr": "22222", "action_flag": 2, "change_message": "[]"}}, {"model": "admin.logentry", "pk": 33, "fields": {"action_time": "2018-07-20T04:26:56.080Z", "user": 1, "content_type": 10, "object_id": "1", "object_repr": "\u7f57\u7ea2\u9709\u7d20\u80f6\u56ca", "action_flag": 2, "change_message": "[{\"changed\": {\"fields\": [\"description\", \"excerpt\"]}}]"}}, {"model": "admin.logentry", "pk": 34, "fields": {"action_time": "2018-07-20T04:31:35.596Z", "user": 1, "content_type": 10, "object_id": "2", "object_repr": "\u4ea7\u54c11", "action_flag": 2, "change_message": "[{\"changed\": {\"fields\": [\"name\", \"excerpt\"]}}]"}}, {"model": "admin.logentry", "pk": 35, "fields": {"action_time": "2018-07-20T04:32:59.515Z", "user": 1, "content_type": 10, "object_id": "3", "object_repr": "\u4ea7\u54c12", "action_flag": 2, "change_message": "[{\"changed\": {\"fields\": [\"name\", \"description\", \"excerpt\"]}}]"}}, {"model": "admin.logentry", "pk": 36, "fields": {"action_time": "2018-07-20T04:34:05.064Z", "user": 1, "content_type": 10, "object_id": "4", "object_repr": "\u4ea7\u54c13", "action_flag": 2, "change_message": "[{\"changed\": {\"fields\": [\"name\", \"description\", \"excerpt\"]}}]"}}, {"model": "admin.logentry", "pk": 37, "fields": {"action_time": "2018-07-20T04:35:10.528Z", "user": 1, "content_type": 10, "object_id": "5", "object_repr": "\u4ea7\u54c14", "action_flag": 2, "change_message": "[{\"changed\": {\"fields\": [\"name\", \"description\", \"excerpt\"]}}]"}}, {"model": "admin.logentry", "pk": 38, "fields": {"action_time": "2018-07-20T04:36:34.635Z", "user": 1, "content_type": 10, "object_id": "6", "object_repr": "\u4ea7\u54c15", "action_flag": 2, "change_message": "[{\"changed\": {\"fields\": [\"name\", \"description\", \"excerpt\"]}}]"}}, {"model": "admin.logentry", "pk": 39, "fields": {"action_time": "2018-07-20T04:37:35.208Z", "user": 1, "content_type": 10, "object_id": "7", "object_repr": "\u4ea7\u54c16", "action_flag": 2, "change_message": "[{\"changed\": {\"fields\": [\"name\", \"description\", \"excerpt\"]}}]"}}, {"model": "admin.logentry", "pk": 40, "fields": {"action_time": "2018-07-20T04:38:16.448Z", "user": 1, "content_type": 10, "object_id": "8", "object_repr": "\u4ea7\u54c17", "action_flag": 2, "change_message": "[{\"changed\": {\"fields\": [\"name\", \"description\", \"excerpt\"]}}]"}}, {"model": "admin.logentry", "pk": 41, "fields": {"action_time": "2018-07-20T04:38:56.081Z", "user": 1, "content_type": 10, "object_id": "9", "object_repr": "\u4ea7\u54c18", "action_flag": 2, "change_message": "[{\"changed\": {\"fields\": [\"name\", \"description\", \"excerpt\"]}}]"}}, {"model": "admin.logentry", "pk": 42, "fields": {"action_time": "2018-07-20T04:39:29.522Z", "user": 1, "content_type": 10, "object_id": "10", "object_repr": "\u4ea7\u54c19", "action_flag": 2, "change_message": "[{\"changed\": {\"fields\": [\"name\", \"description\", \"excerpt\"]}}]"}}, {"model": "admin.logentry", "pk": 43, "fields": {"action_time": "2018-07-20T04:42:00.126Z", "user": 1, "content_type": 10, "object_id": "2", "object_repr": "\u4ea7\u54c11", "action_flag": 2, "change_message": "[{\"changed\": {\"fields\": [\"excerpt\"]}}]"}}, {"model": "admin.logentry", "pk": 44, "fields": {"action_time": "2018-07-20T04:42:12.929Z", "user": 1, "content_type": 10, "object_id": "3", "object_repr": "\u4ea7\u54c12", "action_flag": 2, "change_message": "[{\"changed\": {\"fields\": [\"excerpt\"]}}]"}}, {"model": "admin.logentry", "pk": 45, "fields": {"action_time": "2018-07-20T04:42:24.679Z", "user": 1, "content_type": 10, "object_id": "4", "object_repr": "\u4ea7\u54c13", "action_flag": 2, "change_message": "[{\"changed\": {\"fields\": [\"excerpt\"]}}]"}}, {"model": "admin.logentry", "pk": 46, "fields": {"action_time": "2018-07-20T04:42:34.671Z", "user": 1, "content_type": 10, "object_id": "5", "object_repr": "\u4ea7\u54c14", "action_flag": 2, "change_message": "[{\"changed\": {\"fields\": [\"excerpt\"]}}]"}}, {"model": "admin.logentry", "pk": 47, "fields": {"action_time": "2018-07-20T04:42:46.989Z", "user": 1, "content_type": 10, "object_id": "6", "object_repr": "\u4ea7\u54c15", "action_flag": 2, "change_message": "[{\"changed\": {\"fields\": [\"excerpt\"]}}]"}}, {"model": "admin.logentry", "pk": 48, "fields": {"action_time": "2018-07-20T04:42:57.404Z", "user": 1, "content_type": 10, "object_id": "7", "object_repr": "\u4ea7\u54c16", "action_flag": 2, "change_message": "[{\"changed\": {\"fields\": [\"excerpt\"]}}]"}}, {"model": "admin.logentry", "pk": 49, "fields": {"action_time": "2018-07-20T04:43:14.909Z", "user": 1, "content_type": 10, "object_id": "8", "object_repr": "\u4ea7\u54c17", "action_flag": 2, "change_message": "[{\"changed\": {\"fields\": [\"excerpt\"]}}]"}}, {"model": "admin.logentry", "pk": 50, "fields": {"action_time": "2018-07-20T04:43:25.973Z", "user": 1, "content_type": 10, "object_id": "9", "object_repr": "\u4ea7\u54c18", "action_flag": 2, "change_message": "[{\"changed\": {\"fields\": [\"excerpt\"]}}]"}}, {"model": "admin.logentry", "pk": 51, "fields": {"action_time": "2018-07-20T04:43:39.806Z", "user": 1, "content_type": 10, "object_id": "10", "object_repr": "\u4ea7\u54c19", "action_flag": 2, "change_message": "[{\"changed\": {\"fields\": [\"excerpt\"]}}]"}}, {"model": "admin.logentry", "pk": 52, "fields": {"action_time": "2018-07-21T05:06:32.662Z", "user": 1, "content_type": 8, "object_id": "34", "object_repr": "for 30", "action_flag": 2, "change_message": "[{\"changed\": {\"fields\": [\"body\", \"post_img\"]}}]"}}, {"model": "admin.logentry", "pk": 53, "fields": {"action_time": "2018-07-21T05:12:19.147Z", "user": 1, "content_type": 8, "object_id": "33", "object_repr": "for 29", "action_flag": 2, "change_message": "[{\"changed\": {\"fields\": [\"body\", \"post_img\"]}}]"}}, {"model": "admin.logentry", "pk": 54, "fields": {"action_time": "2018-07-21T05:12:35.681Z", "user": 1, "content_type": 8, "object_id": "32", "object_repr": "for 28", "action_flag": 2, "change_message": "[{\"changed\": {\"fields\": [\"body\", \"post_img\"]}}]"}}, {"model": "admin.logentry", "pk": 55, "fields": {"action_time": "2018-07-21T05:13:14.253Z", "user": 1, "content_type": 8, "object_id": "31", "object_repr": "for 27", "action_flag": 2, "change_message": "[{\"changed\": {\"fields\": [\"body\", \"post_img\"]}}]"}}, {"model": "admin.logentry", "pk": 56, "fields": {"action_time": "2018-07-21T05:13:28.786Z", "user": 1, "content_type": 8, "object_id": "30", "object_repr": "for 26", "action_flag": 2, "change_message": "[{\"changed\": {\"fields\": [\"body\", \"post_img\"]}}]"}}, {"model": "admin.logentry", "pk": 57, "fields": {"action_time": "2018-07-21T05:13:41.951Z", "user": 1, "content_type": 8, "object_id": "29", "object_repr": "for 25", "action_flag": 2, "change_message": "[{\"changed\": {\"fields\": [\"body\", \"post_img\"]}}]"}}, {"model": "admin.logentry", "pk": 58, "fields": {"action_time": "2018-07-21T05:13:56.359Z", "user": 1, "content_type": 8, "object_id": "28", "object_repr": "for 24", "action_flag": 2, "change_message": "[{\"changed\": {\"fields\": [\"body\", \"post_img\"]}}]"}}, {"model": "admin.logentry", "pk": 59, "fields": {"action_time": "2018-07-21T05:14:11.465Z", "user": 1, "content_type": 8, "object_id": "27", "object_repr": "for 23", "action_flag": 2, "change_message": "[{\"changed\": {\"fields\": [\"body\", \"post_img\"]}}]"}}, {"model": "admin.logentry", "pk": 60, "fields": {"action_time": "2018-07-21T05:14:23.642Z", "user": 1, "content_type": 8, "object_id": "26", "object_repr": "for 22", "action_flag": 2, "change_message": "[{\"changed\": {\"fields\": [\"body\", \"post_img\"]}}]"}}, {"model": "admin.logentry", "pk": 61, "fields": {"action_time": "2018-07-21T05:14:33.131Z", "user": 1, "content_type": 8, "object_id": "25", "object_repr": "for 21", "action_flag": 2, "change_message": "[{\"changed\": {\"fields\": [\"body\", \"post_img\"]}}]"}}, {"model": "admin.logentry", "pk": 62, "fields": {"action_time": "2018-07-21T05:14:57.551Z", "user": 1, "content_type": 8, "object_id": "24", "object_repr": "for 20", "action_flag": 2, "change_message": "[{\"changed\": {\"fields\": [\"body\", \"post_img\"]}}]"}}, {"model": "admin.logentry", "pk": 63, "fields": {"action_time": "2018-07-21T06:44:44.035Z", "user": 1, "content_type": 8, "object_id": "23", "object_repr": "for 19", "action_flag": 2, "change_message": "[{\"changed\": {\"fields\": [\"body\", \"post_img\"]}}]"}}, {"model": "admin.logentry", "pk": 64, "fields": {"action_time": "2018-07-21T06:44:58.014Z", "user": 1, "content_type": 8, "object_id": "22", "object_repr": "for 18", "action_flag": 2, "change_message": "[{\"changed\": {\"fields\": [\"body\", \"post_img\"]}}]"}}, {"model": "admin.logentry", "pk": 65, "fields": {"action_time": "2018-07-21T06:45:12.396Z", "user": 1, "content_type": 8, "object_id": "21", "object_repr": "for 17", "action_flag": 2, "change_message": "[{\"changed\": {\"fields\": [\"body\", \"post_img\"]}}]"}}, {"model": "admin.logentry", "pk": 66, "fields": {"action_time": "2018-07-21T06:45:28.599Z", "user": 1, "content_type": 8, "object_id": "20", "object_repr": "for 16", "action_flag": 2, "change_message": "[{\"changed\": {\"fields\": [\"body\", \"post_img\"]}}]"}}, {"model": "admin.logentry", "pk": 67, "fields": {"action_time": "2018-07-21T06:45:39.832Z", "user": 1, "content_type": 8, "object_id": "19", "object_repr": "for 15", "action_flag": 2, "change_message": "[{\"changed\": {\"fields\": [\"body\", \"post_img\"]}}]"}}, {"model": "admin.logentry", "pk": 68, "fields": {"action_time": "2018-07-21T06:45:59.863Z", "user": 1, "content_type": 8, "object_id": "18", "object_repr": "for 14", "action_flag": 2, "change_message": "[{\"changed\": {\"fields\": [\"body\", \"post_img\"]}}]"}}, {"model": "admin.logentry", "pk": 69, "fields": {"action_time": "2018-07-21T06:46:14.255Z", "user": 1, "content_type": 8, "object_id": "17", "object_repr": "for 13", "action_flag": 2, "change_message": "[{\"changed\": {\"fields\": [\"body\", \"post_img\"]}}]"}}, {"model": "admin.logentry", "pk": 70, "fields": {"action_time": "2018-07-21T06:46:26.846Z", "user": 1, "content_type": 8, "object_id": "16", "object_repr": "for 12", "action_flag": 2, "change_message": "[{\"changed\": {\"fields\": [\"body\", \"post_img\"]}}]"}}, {"model": "admin.logentry", "pk": 71, "fields": {"action_time": "2018-07-21T06:46:39.916Z", "user": 1, "content_type": 8, "object_id": "15", "object_repr": "for 11", "action_flag": 2, "change_message": "[{\"changed\": {\"fields\": [\"body\", \"post_img\"]}}]"}}, {"model": "admin.logentry", "pk": 72, "fields": {"action_time": "2018-07-21T06:46:55.835Z", "user": 1, "content_type": 8, "object_id": "14", "object_repr": "for 10", "action_flag": 2, "change_message": "[{\"changed\": {\"fields\": [\"body\", \"post_img\"]}}]"}}, {"model": "admin.logentry", "pk": 73, "fields": {"action_time": "2018-07-21T06:47:07.182Z", "user": 1, "content_type": 8, "object_id": "13", "object_repr": "for 9", "action_flag": 2, "change_message": "[{\"changed\": {\"fields\": [\"body\", \"post_img\"]}}]"}}, {"model": "admin.logentry", "pk": 74, "fields": {"action_time": "2018-07-21T06:47:22.370Z", "user": 1, "content_type": 8, "object_id": "12", "object_repr": "for 8", "action_flag": 2, "change_message": "[{\"changed\": {\"fields\": [\"body\", \"post_img\"]}}]"}}, {"model": "admin.logentry", "pk": 75, "fields": {"action_time": "2018-07-21T06:47:36.219Z", "user": 1, "content_type": 8, "object_id": "11", "object_repr": "for 7", "action_flag": 2, "change_message": "[{\"changed\": {\"fields\": [\"body\", \"post_img\"]}}]"}}, {"model": "admin.logentry", "pk": 76, "fields": {"action_time": "2018-07-21T06:47:51.258Z", "user": 1, "content_type": 8, "object_id": "10", "object_repr": "for 6", "action_flag": 2, "change_message": "[{\"changed\": {\"fields\": [\"body\", \"post_img\"]}}]"}}, {"model": "admin.logentry", "pk": 77, "fields": {"action_time": "2018-07-21T06:48:02.913Z", "user": 1, "content_type": 8, "object_id": "9", "object_repr": "for 5", "action_flag": 2, "change_message": "[{\"changed\": {\"fields\": [\"body\", \"post_img\"]}}]"}}, {"model": "admin.logentry", "pk": 78, "fields": {"action_time": "2018-07-21T06:48:16.001Z", "user": 1, "content_type": 8, "object_id": "8", "object_repr": "for 4", "action_flag": 2, "change_message": "[{\"changed\": {\"fields\": [\"body\", \"post_img\"]}}]"}}, {"model": "admin.logentry", "pk": 79, "fields": {"action_time": "2018-07-21T06:48:30.568Z", "user": 1, "content_type": 8, "object_id": "7", "object_repr": "for 3", "action_flag": 2, "change_message": "[{\"changed\": {\"fields\": [\"body\", \"post_img\"]}}]"}}, {"model": "admin.logentry", "pk": 80, "fields": {"action_time": "2018-07-21T06:48:40.794Z", "user": 1, "content_type": 8, "object_id": "6", "object_repr": "for 2", "action_flag": 2, "change_message": "[{\"changed\": {\"fields\": [\"body\", \"post_img\"]}}]"}}, {"model": "admin.logentry", "pk": 81, "fields": {"action_time": "2018-07-21T06:48:50.681Z", "user": 1, "content_type": 8, "object_id": "5", "object_repr": "for 1", "action_flag": 2, "change_message": "[{\"changed\": {\"fields\": [\"body\", \"post_img\"]}}]"}}, {"model": "admin.logentry", "pk": 82, "fields": {"action_time": "2018-07-21T06:49:00.817Z", "user": 1, "content_type": 8, "object_id": "4", "object_repr": "shell \u4e0b\u7b2c\u4e00\u7bc7", "action_flag": 2, "change_message": "[{\"changed\": {\"fields\": [\"body\", \"post_img\"]}}]"}}, {"model": "admin.logentry", "pk": 83, "fields": {"action_time": "2018-07-21T06:49:11.534Z", "user": 1, "content_type": 8, "object_id": "3", "object_repr": "\u6807\u9898\u6d4b\u8bd52", "action_flag": 2, "change_message": "[{\"changed\": {\"fields\": [\"body\", \"post_img\"]}}]"}}, {"model": "admin.logentry", "pk": 84, "fields": {"action_time": "2018-07-21T06:49:24.576Z", "user": 1, "content_type": 8, "object_id": "2", "object_repr": "\u6807\u9898\u6d4b\u8bd51", "action_flag": 2, "change_message": "[{\"changed\": {\"fields\": [\"body\", \"post_img\"]}}]"}}, {"model": "admin.logentry", "pk": 85, "fields": {"action_time": "2018-07-21T06:52:46.267Z", "user": 1, "content_type": 8, "object_id": "34", "object_repr": "\u7b2c\u4e09\u5341\u7bc7", "action_flag": 2, "change_message": "[{\"changed\": {\"fields\": [\"title\"]}}]"}}, {"model": "admin.logentry", "pk": 86, "fields": {"action_time": "2018-07-21T06:53:03.154Z", "user": 1, "content_type": 8, "object_id": "33", "object_repr": "\u7b2c\u4e8c\u4e5d\u7bc7", "action_flag": 2, "change_message": "[{\"changed\": {\"fields\": [\"title\"]}}]"}}, {"model": "admin.logentry", "pk": 87, "fields": {"action_time": "2018-07-21T06:53:28.975Z", "user": 1, "content_type": 8, "object_id": "33", "object_repr": "\u7b2c\u4e8c\u5341\u4e5d\u7bc7", "action_flag": 2, "change_message": "[{\"changed\": {\"fields\": [\"title\"]}}]"}}, {"model": "admin.logentry", "pk": 88, "fields": {"action_time": "2018-07-21T06:54:33.065Z", "user": 1, "content_type": 8, "object_id": "33", "object_repr": "\u7b2c\u4e8c\u5341\u4e5d\u7bc7", "action_flag": 2, "change_message": "[{\"changed\": {\"fields\": [\"body\"]}}]"}}, {"model": "admin.logentry", "pk": 89, "fields": {"action_time": "2018-09-09T15:55:17.723Z", "user": 1, "content_type": 9, "object_id": "4", "object_repr": "\u65b0\u95fb", "action_flag": 1, "change_message": "[{\"added\": {}}]"}}, {"model": "admin.logentry", "pk": 90, "fields": {"action_time": "2018-09-09T15:55:44.324Z", "user": 1, "content_type": 9, "object_id": "5", "object_repr": "\u516c\u53f8\u7b80\u4ecb", "action_flag": 1, "change_message": "[{\"added\": {}}]"}}, {"model": "admin.logentry", "pk": 91, "fields": {"action_time": "2018-09-09T15:56:26.280Z", "user": 1, "content_type": 9, "object_id": "6", "object_repr": "\u4f01\u4e1a\u8363\u8a89", "action_flag": 1, "change_message": "[{\"added\": {}}]"}}, {"model": "admin.logentry", "pk": 92, "fields": {"action_time": "2018-09-09T15:56:46.879Z", "user": 1, "content_type": 9, "object_id": "7", "object_repr": "\u62db\u8058\u4fe1\u606f", "action_flag": 1, "change_message": "[{\"added\": {}}]"}}, {"model": "admin.logentry", "pk": 93, "fields": {"action_time": "2018-09-09T15:57:08.367Z", "user": 1, "content_type": 8, "object_id": "34", "object_repr": "\u7b2c\u4e09\u5341\u7bc7", "action_flag": 2, "change_message": "[{\"changed\": {\"fields\": [\"category\"]}}]"}}, {"model": "admin.logentry", "pk": 94, "fields": {"action_time": "2018-09-09T15:57:15.900Z", "user": 1, "content_type": 8, "object_id": "33", "object_repr": "\u7b2c\u4e8c\u5341\u4e5d\u7bc7", "action_flag": 2, "change_message": "[{\"changed\": {\"fields\": [\"category\"]}}]"}}, {"model": "admin.logentry", "pk": 95, "fields": {"action_time": "2018-09-09T15:57:22.542Z", "user": 1, "content_type": 8, "object_id": "32", "object_repr": "for 28", "action_flag": 2, "change_message": "[{\"changed\": {\"fields\": [\"category\"]}}]"}}, {"model": "admin.logentry", "pk": 96, "fields": {"action_time": "2018-09-09T15:57:33.754Z", "user": 1, "content_type": 8, "object_id": "4", "object_repr": "shell \u4e0b\u7b2c\u4e00\u7bc7", "action_flag": 2, "change_message": "[]"}}, {"model": "admin.logentry", "pk": 97, "fields": {"action_time": "2018-09-09T15:57:45.280Z", "user": 1, "content_type": 8, "object_id": "32", "object_repr": "for 28", "action_flag": 2, "change_message": "[]"}}, {"model": "admin.logentry", "pk": 98, "fields": {"action_time": "2018-09-09T15:57:51.846Z", "user": 1, "content_type": 8, "object_id": "31", "object_repr": "for 27", "action_flag": 2, "change_message": "[{\"changed\": {\"fields\": [\"category\"]}}]"}}, {"model": "admin.logentry", "pk": 99, "fields": {"action_time": "2018-09-09T15:58:02.562Z", "user": 1, "content_type": 8, "object_id": "30", "object_repr": "for 26", "action_flag": 2, "change_message": "[{\"changed\": {\"fields\": [\"category\"]}}]"}}, {"model": "admin.logentry", "pk": 100, "fields": {"action_time": "2018-09-09T15:58:11.435Z", "user": 1, "content_type": 8, "object_id": "2", "object_repr": "\u6807\u9898\u6d4b\u8bd51", "action_flag": 2, "change_message": "[{\"changed\": {\"fields\": [\"category\"]}}]"}}, {"model": "admin.logentry", "pk": 101, "fields": {"action_time": "2018-09-09T15:58:21.324Z", "user": 1, "content_type": 8, "object_id": "3", "object_repr": "\u6807\u9898\u6d4b\u8bd52", "action_flag": 2, "change_message": "[{\"changed\": {\"fields\": [\"category\"]}}]"}}, {"model": "admin.logentry", "pk": 102, "fields": {"action_time": "2018-09-09T15:58:30.050Z", "user": 1, "content_type": 8, "object_id": "4", "object_repr": "shell \u4e0b\u7b2c\u4e00\u7bc7", "action_flag": 2, "change_message": "[{\"changed\": {\"fields\": [\"category\"]}}]"}}, {"model": "admin.logentry", "pk": 103, "fields": {"action_time": "2018-09-09T15:58:39.485Z", "user": 1, "content_type": 8, "object_id": "5", "object_repr": "for 1", "action_flag": 2, "change_message": "[{\"changed\": {\"fields\": [\"category\"]}}]"}}, {"model": "admin.logentry", "pk": 104, "fields": {"action_time": "2018-09-09T15:58:47.213Z", "user": 1, "content_type": 8, "object_id": "5", "object_repr": "for 1", "action_flag": 2, "change_message": "[]"}}, {"model": "admin.logentry", "pk": 105, "fields": {"action_time": "2018-09-09T15:59:02.118Z", "user": 1, "content_type": 8, "object_id": "6", "object_repr": "for 2", "action_flag": 2, "change_message": "[{\"changed\": {\"fields\": [\"category\"]}}]"}}, {"model": "admin.logentry", "pk": 106, "fields": {"action_time": "2018-09-09T15:59:11.228Z", "user": 1, "content_type": 8, "object_id": "7", "object_repr": "for 3", "action_flag": 2, "change_message": "[{\"changed\": {\"fields\": [\"category\"]}}]"}}, {"model": "admin.logentry", "pk": 107, "fields": {"action_time": "2018-09-09T15:59:19.685Z", "user": 1, "content_type": 8, "object_id": "8", "object_repr": "for 4", "action_flag": 2, "change_message": "[{\"changed\": {\"fields\": [\"category\"]}}]"}}, {"model": "admin.logentry", "pk": 108, "fields": {"action_time": "2018-09-09T15:59:31.062Z", "user": 1, "content_type": 8, "object_id": "9", "object_repr": "for 5", "action_flag": 2, "change_message": "[{\"changed\": {\"fields\": [\"category\"]}}]"}}, {"model": "admin.logentry", "pk": 109, "fields": {"action_time": "2018-09-09T15:59:39.819Z", "user": 1, "content_type": 8, "object_id": "10", "object_repr": "for 6", "action_flag": 2, "change_message": "[{\"changed\": {\"fields\": [\"category\"]}}]"}}, {"model": "admin.logentry", "pk": 110, "fields": {"action_time": "2018-09-09T15:59:48.149Z", "user": 1, "content_type": 8, "object_id": "11", "object_repr": "for 7", "action_flag": 2, "change_message": "[{\"changed\": {\"fields\": [\"category\"]}}]"}}, {"model": "admin.logentry", "pk": 111, "fields": {"action_time": "2018-09-09T15:59:56.161Z", "user": 1, "content_type": 8, "object_id": "12", "object_repr": "for 8", "action_flag": 2, "change_message": "[{\"changed\": {\"fields\": [\"category\"]}}]"}}, {"model": "admin.logentry", "pk": 112, "fields": {"action_time": "2018-09-09T16:00:05.311Z", "user": 1, "content_type": 8, "object_id": "14", "object_repr": "for 10", "action_flag": 2, "change_message": "[{\"changed\": {\"fields\": [\"category\"]}}]"}}, {"model": "admin.logentry", "pk": 113, "fields": {"action_time": "2018-09-09T16:00:18.482Z", "user": 1, "content_type": 8, "object_id": "13", "object_repr": "for 9", "action_flag": 2, "change_message": "[{\"changed\": {\"fields\": [\"category\"]}}]"}}, {"model": "admin.logentry", "pk": 114, "fields": {"action_time": "2018-09-09T16:00:27.873Z", "user": 1, "content_type": 8, "object_id": "15", "object_repr": "for 11", "action_flag": 2, "change_message": "[{\"changed\": {\"fields\": [\"category\"]}}]"}}, {"model": "admin.logentry", "pk": 115, "fields": {"action_time": "2018-09-09T16:00:35.916Z", "user": 1, "content_type": 8, "object_id": "16", "object_repr": "for 12", "action_flag": 2, "change_message": "[{\"changed\": {\"fields\": [\"category\"]}}]"}}, {"model": "admin.logentry", "pk": 116, "fields": {"action_time": "2018-09-09T16:00:42.361Z", "user": 1, "content_type": 8, "object_id": "17", "object_repr": "for 13", "action_flag": 2, "change_message": "[{\"changed\": {\"fields\": [\"category\"]}}]"}}, {"model": "admin.logentry", "pk": 117, "fields": {"action_time": "2018-09-09T16:00:49.341Z", "user": 1, "content_type": 8, "object_id": "18", "object_repr": "for 14", "action_flag": 2, "change_message": "[{\"changed\": {\"fields\": [\"category\"]}}]"}}, {"model": "admin.logentry", "pk": 118, "fields": {"action_time": "2018-09-09T16:00:57.532Z", "user": 1, "content_type": 8, "object_id": "19", "object_repr": "for 15", "action_flag": 2, "change_message": "[{\"changed\": {\"fields\": [\"category\"]}}]"}}, {"model": "admin.logentry", "pk": 119, "fields": {"action_time": "2018-09-09T16:01:05.590Z", "user": 1, "content_type": 8, "object_id": "20", "object_repr": "for 16", "action_flag": 2, "change_message": "[{\"changed\": {\"fields\": [\"category\"]}}]"}}, {"model": "admin.logentry", "pk": 120, "fields": {"action_time": "2018-09-09T16:01:12.272Z", "user": 1, "content_type": 8, "object_id": "21", "object_repr": "for 17", "action_flag": 2, "change_message": "[{\"changed\": {\"fields\": [\"category\"]}}]"}}, {"model": "admin.logentry", "pk": 121, "fields": {"action_time": "2018-09-09T16:01:19.075Z", "user": 1, "content_type": 8, "object_id": "22", "object_repr": "for 18", "action_flag": 2, "change_message": "[{\"changed\": {\"fields\": [\"category\"]}}]"}}, {"model": "admin.logentry", "pk": 122, "fields": {"action_time": "2018-09-09T16:01:25.482Z", "user": 1, "content_type": 8, "object_id": "23", "object_repr": "for 19", "action_flag": 2, "change_message": "[{\"changed\": {\"fields\": [\"category\"]}}]"}}, {"model": "admin.logentry", "pk": 123, "fields": {"action_time": "2018-09-09T16:01:35.596Z", "user": 1, "content_type": 8, "object_id": "24", "object_repr": "for 20", "action_flag": 2, "change_message": "[{\"changed\": {\"fields\": [\"category\"]}}]"}}, {"model": "admin.logentry", "pk": 124, "fields": {"action_time": "2018-09-09T16:01:42.838Z", "user": 1, "content_type": 8, "object_id": "25", "object_repr": "for 21", "action_flag": 2, "change_message": "[{\"changed\": {\"fields\": [\"category\"]}}]"}}, {"model": "admin.logentry", "pk": 125, "fields": {"action_time": "2018-09-09T16:01:52.163Z", "user": 1, "content_type": 8, "object_id": "26", "object_repr": "for 22", "action_flag": 2, "change_message": "[{\"changed\": {\"fields\": [\"category\"]}}]"}}, {"model": "admin.logentry", "pk": 126, "fields": {"action_time": "2018-09-09T16:01:59.938Z", "user": 1, "content_type": 8, "object_id": "27", "object_repr": "for 23", "action_flag": 2, "change_message": "[{\"changed\": {\"fields\": [\"category\"]}}]"}}, {"model": "admin.logentry", "pk": 127, "fields": {"action_time": "2018-09-09T16:02:06.392Z", "user": 1, "content_type": 8, "object_id": "28", "object_repr": "for 24", "action_flag": 2, "change_message": "[{\"changed\": {\"fields\": [\"category\"]}}]"}}, {"model": "admin.logentry", "pk": 128, "fields": {"action_time": "2018-09-09T16:02:15.319Z", "user": 1, "content_type": 8, "object_id": "29", "object_repr": "for 25", "action_flag": 2, "change_message": "[{\"changed\": {\"fields\": [\"category\"]}}]"}}, {"model": "admin.logentry", "pk": 129, "fields": {"action_time": "2018-09-09T16:03:15.729Z", "user": 1, "content_type": 9, "object_id": "3", "object_repr": "\u5206\u7c7b\u6d4b\u8bd52", "action_flag": 3, "change_message": ""}}, {"model": "admin.logentry", "pk": 130, "fields": {"action_time": "2018-09-09T16:03:15.743Z", "user": 1, "content_type": 9, "object_id": "2", "object_repr": "\u5206\u7c7b\u6d4b\u8bd51", "action_flag": 3, "change_message": ""}}, {"model": "admin.logentry", "pk": 131, "fields": {"action_time": "2018-09-09T16:13:18.637Z", "user": 1, "content_type": 9, "object_id": "8", "object_repr": "we", "action_flag": 1, "change_message": "[{\"added\": {}}]"}}, {"model": "admin.logentry", "pk": 132, "fields": {"action_time": "2018-09-09T16:13:33.981Z", "user": 1, "content_type": 8, "object_id": "35", "object_repr": "33333", "action_flag": 1, "change_message": "[{\"added\": {}}]"}}, {"model": "admin.logentry", "pk": 133, "fields": {"action_time": "2018-09-09T16:23:28.141Z", "user": 1, "content_type": 9, "object_id": "4", "object_repr": "\u65b0\u95fb1", "action_flag": 2, "change_message": "[{\"changed\": {\"fields\": [\"name\"]}}]"}}, {"model": "admin.logentry", "pk": 134, "fields": {"action_time": "2018-09-09T16:24:14.490Z", "user": 1, "content_type": 9, "object_id": "4", "object_repr": "anews", "action_flag": 2, "change_message": "[{\"changed\": {\"fields\": [\"name\"]}}]"}}, {"model": "admin.logentry", "pk": 135, "fields": {"action_time": "2018-09-09T16:24:39.810Z", "user": 1, "content_type": 9, "object_id": "4", "object_repr": "anews", "action_flag": 2, "change_message": "[]"}}, {"model": "admin.logentry", "pk": 136, "fields": {"action_time": "2018-09-09T16:42:02.428Z", "user": 1, "content_type": 9, "object_id": "4", "object_repr": "a_news", "action_flag": 2, "change_message": "[{\"changed\": {\"fields\": [\"name\"]}}]"}}, {"model": "admin.logentry", "pk": 137, "fields": {"action_time": "2018-09-09T16:42:22.131Z", "user": 1, "content_type": 9, "object_id": "8", "object_repr": "we", "action_flag": 3, "change_message": ""}}, {"model": "admin.logentry", "pk": 138, "fields": {"action_time": "2018-09-09T17:11:20.915Z", "user": 1, "content_type": 8, "object_id": "36", "object_repr": "\u516c\u53f8\u7b80\u4ecb", "action_flag": 1, "change_message": "[{\"added\": {}}]"}}, {"model": "admin.logentry", "pk": 139, "fields": {"action_time": "2018-09-09T17:17:33.015Z", "user": 1, "content_type": 8, "object_id": "36", "object_repr": "\u516c\u53f8\u7b80\u4ecb", "action_flag": 2, "change_message": "[{\"changed\": {\"fields\": [\"body\"]}}]"}}, {"model": "admin.logentry", "pk": 140, "fields": {"action_time": "2018-09-09T17:31:32.221Z", "user": 1, "content_type": 8, "object_id": "37", "object_repr": "\u4f01\u4e1a\u8363\u8a89", "action_flag": 1, "change_message": "[{\"added\": {}}]"}}, {"model": "admin.logentry", "pk": 141, "fields": {"action_time": "2018-09-09T17:32:14.693Z", "user": 1, "content_type": 8, "object_id": "37", "object_repr": "\u4f01\u4e1a\u8363\u8a89", "action_flag": 2, "change_message": "[{\"changed\": {\"fields\": [\"body\"]}}]"}}, {"model": "admin.logentry", "pk": 142, "fields": {"action_time": "2018-09-09T17:32:35.321Z", "user": 1, "content_type": 8, "object_id": "37", "object_repr": "\u4f01\u4e1a\u8363\u8a89", "action_flag": 2, "change_message": "[{\"changed\": {\"fields\": [\"body\"]}}]"}}, {"model": "admin.logentry", "pk": 143, "fields": {"action_time": "2018-09-09T17:45:16.628Z", "user": 1, "content_type": 8, "object_id": "38", "object_repr": "\u62db\u8058\u4fe1\u606f", "action_flag": 1, "change_message": "[{\"added\": {}}]"}}]